danceability,energy,key,loudness,mode,speechiness,acousticness,instrumentalness,liveness,valence,tempo,type,id,duration_ms,time_signature,decade
0.437,0.94,9,-6.946,1,0.0426,0.0524,0.000573,0.222,0.48,151.417,audio_features,4NnWuGQujzWUEg0uZokO5M,212013,4,80s
0.692,0.422,2,-10.533,1,0.0333,0.0811,0,0.0848,0.468,74.375,audio_features,2DjWsDGgL1xNbhnr7f6t5F,193120,4,80s
0.565,0.764,1,-9.43,1,0.0351,0.0139,0.00488,0.079,0.686,100.891,audio_features,7gozgbG5EBTukCFWToTRA5,277480,4,80s
0.851,0.406,1,-11.631,1,0.0661,0.219,6.41E-06,0.0853,0.792,97.84,audio_features,4kOfxxnW1ukZdsNbCKY9br,226880,4,80s
0.768,0.829,5,-5.109,1,0.0313,0.0964,2.92E-05,0.097,0.962,118.773,audio_features,2olVm1lHicpveMAo4AUDRB,234333,4,80s
0.315,0.889,0,-8.192,1,0.041,0.000376,0.00241,0.133,0.961,181.329,audio_features,7LyIoUsiMtelB1I0I4drEF,288467,4,80s
0.508,0.834,2,-6.205,1,0.0386,0.0183,0,0.0732,0.774,139.131,audio_features,0GONea6G2XdnHWjNZd6zt3,216053,4,80s
0.398,0.93,11,-6.76,1,0.0615,0.000854,0.121,0.0874,0.725,190.818,audio_features,1YrnDTqvcnUKxAIeXyaEmU,408173,4,80s
0.709,0.824,1,-8.824,1,0.0453,0.207,0.000307,0.0888,0.867,118.818,audio_features,2tUBqZG2AbRi7Q0BIrVrEj,291293,4,80s
0.69,0.54,4,-10.516,1,0.0317,0.218,0.00657,0.115,0.764,114.846,audio_features,6i8ecOsx4J2Px1maiqzqoG,222733,4,80s
0.92,0.654,11,-3.051,0,0.0401,0.0236,0.0158,0.0359,0.847,117.046,audio_features,5ChkMS8OtdzJeqyybCc9R5,293827,4,80s
0.629,0.547,10,-13.123,0,0.055,0.72,0.00314,0.0604,0.197,108.375,audio_features,75FEaRjZTKLhTrFGsfMUXR,298933,4,80s
0.724,0.523,11,-11.139,1,0.116,0.0745,0.703,0.0811,0.965,185.075,audio_features,4xiyq1iRdsxuU1BPUJ490Z,203267,4,80s
0.657,0.552,6,-11.77,1,0.0255,0.0424,0.039,0.106,0.759,128.494,audio_features,6SsP9PE7JT83QZA8kEYHVV,272857,4,80s
0.523,0.769,4,-5.855,1,0.0269,0.04,0,0.136,0.876,136.162,audio_features,0WQiDwKJclirSYG9v5tayI,244587,4,80s
0.796,0.872,9,-6.722,0,0.0573,0.287,0,0.284,0.866,129.894,audio_features,56KqaFSGTb7ifpt16t5Y1N,222427,4,80s
0.761,0.67,2,-12.759,1,0.0438,0.21,0.000426,0.0685,0.91,120.752,audio_features,5jSz894ljfWE0IcHBSM39i,215173,4,80s
0.657,0.685,1,-5.203,1,0.0334,0.0246,0,0.037,0.424,96.458,audio_features,029NqmIySn1kOY305AAhxT,313533,4,80s
0.643,0.627,8,-10.972,1,0.0405,0.00773,0.00259,0.123,0.725,114.477,audio_features,0F1O42piteiHP3dRvKUz6p,248587,4,80s
0.645,0.795,7,-12.095,1,0.0527,0.347,0.00389,0.104,0.535,112.067,audio_features,4RvWPyQ5RL0ao9LPZeSouE,251489,4,80s
0.463,0.597,11,-13.515,0,0.0637,0.0178,0,0.177,0.735,169.67,audio_features,1YQCRXscu8xE74BVVMUCRr,154667,4,80s
0.64,0.649,2,-10.345,1,0.0264,0.216,8.30E-05,0.0551,0.865,124.825,audio_features,4CoSCPlKNrWli7E5kFtbcl,221053,4,80s
0.606,0.794,0,-7.168,1,0.0291,0.119,7.16E-06,0.125,0.584,105.813,audio_features,2fMAEEhdpXo4ROX5eZcbOg,302827,4,80s
0.626,0.642,4,-9.838,0,0.0264,0.00961,0.081,0.156,0.817,133.947,audio_features,1bki22ZoLCkqb0QIJ5PtJF,333267,4,80s
0.578,0.836,2,-6.607,1,0.0512,0.163,1.36E-06,0.0583,0.932,167.026,audio_features,4HA2jo7wkMdN1lmLO6ryzE,209520,4,80s
0.776,0.763,5,-8.124,1,0.0535,0.182,0.0065,0.077,0.82,128.433,audio_features,0qxYx4F3vm1AOnfux6dDxP,280000,4,80s
0.62,0.446,1,-14.451,0,0.0347,0.589,0.0299,0.0727,0.868,88.591,audio_features,3PzsbWSQdLCKDLxn7YZfkM,155880,4,80s
0.439,0.422,8,-17.227,1,0.0409,0.0148,4.84E-05,0.0697,0.551,81.833,audio_features,7G7tgVYORlDuVprcYHuFJh,236933,4,80s
0.558,0.768,2,-9.997,1,0.0343,0.121,0.0626,0.128,0.429,81.909,audio_features,60HDLY1Dh2Hy9wTVI3WPzO,259500,4,80s
0.85,0.938,9,-6.889,0,0.0415,0.409,0.000346,0.0582,0.84,120.826,audio_features,5HQ639Z3ms3hnZx0KfWnkp,217200,4,80s
0.651,0.949,4,-6.566,0,0.0403,0.00737,0.125,0.286,0.61,113.257,audio_features,2yzPBlE5UXK2sqvnNM9QQ0,285733,4,80s
0.641,0.894,8,-7.41,1,0.0273,0.0857,0.009,0.157,0.972,109.823,audio_features,1KsI8NEeAna8ZIdojI3FiT,199453,4,80s
0.866,0.73,5,-8.201,1,0.0767,0.137,0,0.0843,0.625,118.523,audio_features,2H7PHVdQ3mXqEHXcvclTB0,379267,4,80s
0.734,0.744,9,-8.103,0,0.0391,0.184,0,0.181,0.961,117.651,audio_features,5lmYpa6EaVAKAlwxMf7q5c,238000,4,80s
0.724,0.498,11,-13.083,0,0.0423,0.0405,8.56E-05,0.0761,0.823,88.825,audio_features,7j74lucZ59vqN67Ipe2ZcY,273173,4,80s
0.627,0.802,0,-8.432,1,0.0348,0.197,0.784,0.404,0.867,126.283,audio_features,4jhsuQCUCJKA5f0bXb6XdJ,232400,4,80s
0.641,0.784,0,-6.38,1,0.0366,0.0498,0.00934,0.381,0.488,102.676,audio_features,41OIyMJsSFMjdjZjL4tHEx,238148,4,80s
0.649,0.618,9,-10.728,1,0.0265,0.596,1.46E-06,0.192,0.667,114.688,audio_features,6r20M5DWYdIoCDmDViBxuz,210267,4,80s
0.56,0.825,2,-6.711,0,0.0347,0.000785,0.00246,0.0892,0.74,142.669,audio_features,4qO03RMQm88DdpTJcxlglY,212600,4,80s
0.751,0.501,5,-12.151,1,0.0551,0.234,0.112,0.0467,0.902,167.057,audio_features,4o6BgsqLIBViaGVbx5rbRk,190627,4,80s
0.582,0.606,6,-9.961,1,0.0289,0.124,0.00139,0.151,0.504,111.441,audio_features,3wfujdbamR3Z46F4xav7LM,234493,5,80s
0.898,0.271,7,-12.238,1,0.091,0.0135,0.00138,0.0461,0.742,111.485,audio_features,62LJFaYihsdVrrkgUOJC05,226240,4,80s
0.767,0.854,4,-6.947,1,0.0426,0.465,2.03E-06,0.485,0.963,149.206,audio_features,3OeUlriM0EZHdWleJtjoVr,234653,4,80s
0.681,0.893,7,-8.485,1,0.0378,6.47E-05,0.383,0.0626,0.951,130.475,audio_features,31MOjWj3CT3dCQsMV2b8Wu,244720,4,80s
0.685,0.584,5,-10.616,0,0.0276,0.288,0.00918,0.124,0.939,134.546,audio_features,5vmRQ3zELMLUQPo2FLQ76x,302413,4,80s
0.579,0.669,4,-8.704,0,0.0326,0.253,0.0257,0.0911,0.798,175.181,audio_features,2gUjs3Y8RoPpwozKyQDCUa,266173,4,80s
0.9,0.459,6,-15.557,0,0.0366,0.321,0.00399,0.165,0.962,115.091,audio_features,5hXEcqQhEjfZdbIZLO8mf2,302693,4,80s
0.872,0.715,11,-10.182,1,0.0468,0.0876,0.0706,0.177,0.967,133.225,audio_features,2eRmD96ncTEgQwJmXa6rrg,228573,4,80s
0.527,0.942,1,-5.64,0,0.0366,0.0115,0,0.188,0.495,148.723,audio_features,7FwBtcecmlpc1sLySPXeGE,241307,4,80s
0.602,0.784,11,-7.976,0,0.0313,0.00398,0.0852,0.0931,0.918,133.019,audio_features,0A4PZuepTcIQVvA5m7R0M1,263973,4,80s
0.795,0.63,10,-7.217,0,0.0841,0.0419,0.575,0.0894,0.785,108.701,audio_features,1sR4aKaHpLrc9u7g4ii90U,181107,4,80s
0.744,0.798,7,-5.981,1,0.0364,0.175,0.00367,0.26,0.89,125.061,audio_features,0GTK6TesV108Jj5D3MHsYb,268507,4,80s
0.747,0.586,9,-10.119,0,0.0299,0.0708,8.00E-05,0.0427,0.893,164.718,audio_features,6lRkdG1HurVS72F9GoBeWJ,201867,4,80s
0.734,0.581,9,-6.619,0,0.032,0.24,0.000585,0.0298,0.962,119.337,audio_features,3XEtw7t4V5sfd2vtkp0ql7,258693,4,80s
0.729,0.989,9,-4.613,0,0.049,0.0102,4.45E-05,0.443,0.84,126.47,audio_features,51H2y6YrNNXcy3dfc3qSbA,352906,4,80s
0.664,0.613,0,-7.56,1,0.0273,0.00309,0.000128,0.175,0.193,96.6,audio_features,1GjbTNFImFrjFsNdleDe78,184587,3,80s
0.668,0.779,9,-11.089,1,0.0325,0.0025,0.000347,0.139,0.963,140.873,audio_features,648BMGrt98kUbLo24A4vgj,245467,4,80s
0.722,0.518,9,-10.78,1,0.0296,0.593,0.00453,0.0854,0.753,116.289,audio_features,3nQuDlaVZApyrG6tdsETe0,246667,4,80s
0.68,0.678,1,-11.548,1,0.0754,0.103,0.00828,0.204,0.251,131.165,audio_features,7o7E1nrHWncYY7PY94gCiX,252773,4,80s
0.692,0.466,0,-10.741,1,0.0292,0.743,0.109,0.1,0.561,114.999,audio_features,4bQNusmmVudLxIiexglzh6,266200,4,80s
0.752,0.307,9,-17.063,1,0.0398,0.332,0.000135,0.0829,0.854,106.158,audio_features,15Mh8m2BGTUptR8yy7fNAS,194173,4,80s
0.671,0.712,2,-7.815,1,0.0476,0.429,0,0.103,0.462,113.805,audio_features,2fuCquhmrzHpu5xcA1ci9x,248440,4,80s
0.714,0.935,5,-5.195,1,0.0849,0.0529,0.0934,0.0515,0.725,121.232,audio_features,4qM461TqtpnP4GLRIXwEnW,263107,4,80s
0.675,0.649,5,-10.271,1,0.0319,0.0204,0,0.0959,0.596,116.624,audio_features,0odIT9B9BvOCnXfS0e4lB5,228000,4,80s
0.538,0.556,3,-8.806,1,0.0231,0.242,0.00239,0.0853,0.793,159.758,audio_features,4eug5z9kaJbQ65C7IteNFF,207013,4,80s
0.666,0.871,1,-6.017,0,0.0272,0.27,0.0208,0.263,0.936,108.501,audio_features,2EGaDf0cPX789H3LNeB03D,215326,4,80s
0.734,0.586,2,-11.866,1,0.129,0.125,0,0.0367,0.762,109.933,audio_features,3nFJbZCHP4d9vduKjJLdBL,230467,4,80s
0.74,0.923,1,-5.082,1,0.0369,0.105,0.000163,0.0825,0.93,128.871,audio_features,5LYJ631w9ps5h9tdvac7yP,305867,4,80s
0.631,0.932,5,-4.142,1,0.0354,0.0436,0.137,0.0918,0.971,122.429,audio_features,7HKez549fwJQDzx3zLjHKC,213067,4,80s
0.711,0.788,11,-14.705,1,0.0825,0.0117,2.05E-06,0.311,0.757,103.172,audio_features,3BGbqEDio3ocx1v4egIYr6,204560,4,80s
0.599,0.761,0,-6.887,1,0.0421,0.713,4.74E-06,0.349,0.712,77.015,audio_features,6xdLJrVj4vIXwhuG8TMopk,163373,4,80s
0.582,0.689,7,-12.203,1,0.0277,0.607,0.0571,0.145,0.531,111.166,audio_features,6V50MyHPGhEmwYu0Wdyf0t,297853,4,80s
0.696,0.89,5,-6.819,1,0.0441,0.055,0.0596,0.5,0.922,98.742,audio_features,17Ng10tIgnYmAitl0SgT3R,252227,4,80s
0.679,0.708,2,-7.854,0,0.0258,0.0989,0.00384,0.425,0.763,133.501,audio_features,3LIaJyHeA9lxmskbFaez44,274467,4,80s
0.707,0.514,9,-8.885,0,0.0281,0.58,0.000159,0.0953,0.524,86.035,audio_features,1yg7fwwYmx9DQ2TdXUmfpJ,269840,4,80s
0.365,0.513,7,-13.034,0,0.0357,0.0208,0.000147,0.205,0.739,80.647,audio_features,37BTh5g05cxBIRYMbw8g2T,331200,4,80s
0.822,0.686,10,-10.456,0,0.0472,0.115,0.000982,0.0463,0.828,117.743,audio_features,5BxoKS16fDiOpcwTztQF30,235693,4,80s
0.516,0.549,6,-13.741,1,0.0373,0.501,0.00572,0.184,0.907,176.941,audio_features,4gvea7UlDkAvsJBPZAd4oB,288733,4,80s
0.383,0.57,10,-7.019,1,0.0318,0.0416,0.00683,0.746,0.183,114.147,audio_features,4m2GdLuOhDt6rFbgOFMHIL,522307,4,80s
0.887,0.48,11,-11.994,1,0.117,0.0094,3.58E-05,0.0662,0.607,95.846,audio_features,0nd1Vs5BIoIU4TJlzR8KVB,193200,4,80s
0.5,0.501,0,-8.284,0,0.0376,0.462,0,0.26,0.623,144.438,audio_features,0cGG2EouYCEEC3xfa0tDFV,153800,4,80s
0.742,0.533,0,-9.098,1,0.0288,0.459,0.148,0.064,0.391,97.395,audio_features,0CsM8VGDi38kusMv3pxyj1,329147,4,80s
0.626,0.425,0,-15.656,1,0.0356,0.231,0,0.114,0.952,150.875,audio_features,60mGckXEG1EzR4VmjYLfEW,264333,4,80s
0.41,0.874,0,-4.286,1,0.0907,0.197,0,0.0843,0.824,107.08,audio_features,3xKsPtA5XG91Zlh0SyycmM,205933,4,80s
0.72,0.828,5,-9.211,1,0.0462,0.185,0.429,0.0839,0.768,110.071,audio_features,3SnGymj6ijE2iuUfWxLo1q,323347,4,80s
0.691,0.812,0,-7.772,1,0.0558,0.0433,1.16E-06,0.299,0.685,127.568,audio_features,39lSeqnyjZJejRuaREfyLL,220627,4,80s
0.525,0.882,5,-4.479,1,0.0467,0.0252,0,0.101,0.623,101.674,audio_features,4UB3TaEGEY9WoOpxYNMgy4,164867,4,80s
0.715,0.817,5,-6.227,0,0.0532,0.0325,1.61E-06,0.851,0.871,133.858,audio_features,4W4wYHtsrgDiivRASVOINL,321573,4,80s
0.524,0.802,0,-5.13,1,0.0432,0.0267,3.83E-06,0.224,0.712,121.35,audio_features,0BTsVL5VMdq5zGNRSTHozJ,190840,4,80s
0.889,0.646,7,-6.366,1,0.0668,0.195,3.19E-05,0.0502,0.966,110.842,audio_features,0mLAgHQP1BOkoHhDu622BQ,213427,4,80s
0.557,0.782,4,-3.899,1,0.0475,0.0953,6.75E-06,0.118,0.305,159.621,audio_features,1YGZyfvdgZxzipWoWYVKxi,205533,4,80s
0.813,0.699,7,-8.656,1,0.0458,0.0251,0.0135,0.0527,0.732,117.548,audio_features,7arHM2KZ0KzIZXFVDRGClI,231560,4,80s
0.878,0.821,11,-9.875,1,0.089,0.126,0.0461,0.183,0.947,118.881,audio_features,46eu3SBuFCXWsPT39Yg3tJ,365467,4,80s
0.543,0.482,4,-12.789,1,0.194,0.0853,9.22E-05,0.111,0.415,193.513,audio_features,5mYtpXrZZ1bbGJYDGC8I0Y,284773,4,80s
0.796,0.693,2,-6.02,1,0.0413,0.164,1.77E-05,0.0408,0.954,108.8,audio_features,0Zt9fqRK58Y0onY1VwaKp7,218907,4,80s
0.658,0.714,11,-9.247,1,0.0521,0.0291,5.70E-05,0.651,0.806,117.276,audio_features,6tASfEUyB7lE2r6DLzURji,265600,4,80s
0.855,0.461,10,-13.096,0,0.0564,0.0965,0,0.201,0.833,104.96,audio_features,2bvzxeD1hPWEYotw40Euq9,210467,4,80s
0.799,0.878,1,-7.109,1,0.0434,0.189,0.000105,0.14,0.816,104.284,audio_features,2NVpYQqdraEcQwqT7GhUkh,280853,4,80s
0.776,0.743,9,-6.807,1,0.0289,0.107,0.293,0.149,0.84,131.343,audio_features,1mskmld5ZKEhRaNvYVPoqZ,289853,4,80s
0.466,0.438,4,-12.858,1,0.0608,0.089,5.62E-06,0.113,0.587,193.1,audio_features,6HA97v4wEGQ5TUClRM0XLc,233000,4,80s
0.552,0.313,5,-12.41,1,0.0296,0.916,0.0017,0.12,0.303,88.554,audio_features,3YdKJzcoMZMacISlpY4QoP,202773,3,50s
0.442,0.033,10,-23.063,1,0.041,0.922,0.000171,0.151,0.21,103.34,audio_features,4gFlHAye7To29Fs4UszQUH,179640,3,50s
0.289,0.353,7,-12.302,1,0.0292,0.862,1.35E-06,0.172,0.312,85.436,audio_features,14T8UhqU8EaJpp3tRxqJbr,144600,4,50s
0.542,0.347,4,-14.011,1,0.0268,0.783,0,0.144,0.596,103.709,audio_features,72nqbbrKjhXmDdRXQGq115,141240,4,50s
0.374,0.0889,4,-17.475,1,0.0356,0.931,6.88E-06,0.111,0.211,96.677,audio_features,6bnFjTW3EnMG4BwreDnSHK,145133,4,50s
0.614,0.589,1,-8.667,1,0.0573,0.7,0,0.069,0.894,111.879,audio_features,4OnqJ1ml4Jgr5AAKNrrYCD,196467,4,50s
0.538,0.226,4,-13.817,0,0.0288,0.945,0,0.125,0.553,96.951,audio_features,7fPOOCejoBt3dIm6UcEdm8,163560,4,50s
0.747,0.219,3,-12.562,1,0.0371,0.584,2.57E-05,0.107,0.498,135.562,audio_features,39lnzOIUCSNaQmgBHoz7rt,129120,4,50s
0.425,0.401,7,-9.427,1,0.0315,0.943,3.44E-06,0.072,0.531,115.71,audio_features,2FkCjtQ1lYsf71s2FAS8hE,160667,3,50s
0.464,0.391,0,-5.115,1,0.0483,0.892,0,0.0521,0.649,158.894,audio_features,2xNDO4i0qxmkxYptUbxYpx,226213,4,50s
0.601,0.095,1,-18.478,1,0.0374,0.93,0.000285,0.116,0.672,122.975,audio_features,603N4XGJUTbK760GLCvIIs,144933,4,50s
0.656,0.84,5,-7.349,1,0.0323,0.342,0,0.108,0.954,132.335,audio_features,0jqr2lIlIU09FsuSOibDdA,160267,4,50s
0.763,0.809,9,-10.437,0,0.0811,0.814,0,0.162,0.709,117.495,audio_features,2bFZSvstZf6xX8h69F7Bvf,140759,4,50s
0.799,0.475,9,-13.142,1,0.0413,0.835,0,0.275,0.92,95.966,audio_features,6sBPjgvLZzHHrpxbBDjmdE,142773,4,50s
0.521,0.516,2,-7.456,0,0.0369,0.723,0,0.257,0.569,136.483,audio_features,3KzgdYUlqV6TOG7JCmx2Wg,172480,4,50s
0.38,0.155,1,-11.977,1,0.0311,0.973,1.70E-05,0.0977,0.127,94.23,audio_features,56IQUfsUskt9VHe6YM6kue,200440,3,50s
0.532,0.0657,0,-19.136,0,0.0406,0.94,0.00488,0.0946,0.292,128.607,audio_features,0F845nujLVqCb0XMZCh5Pc,201440,4,50s
0.547,0.3,3,-13.973,1,0.107,0.777,0,0.0653,0.811,97.793,audio_features,0DXm5n7SBxCED9ssTvrx2J,187200,4,50s
0.486,0.501,4,-8.57,1,0.0326,0.767,7.60E-05,0.0679,0.942,122.894,audio_features,4ZfQwNx3FlCN07cnUvekh3,152200,4,50s
0.2,0.11,6,-16.646,0,0.0357,0.906,0.000153,0.0959,0.162,171.751,audio_features,3ZR0us36Z8kgBXFMYkhugR,299067,5,50s
0.508,0.0965,11,-18.283,1,0.031,0.856,0.012,0.102,0.296,77.907,audio_features,56XoFI6v7kbGNdM8ALYWof,135840,4,50s
0.438,0.00756,0,-26.44,0,0.0382,0.941,0.00643,0.109,0.277,133.32,audio_features,4l9hml2UCnxoNI3yCdL1BW,141133,4,50s
0.515,0.408,8,-11.96,1,0.194,0.452,0,0.0682,0.915,185.767,audio_features,4tmy6FB76bR5eLmx0zO1mn,141667,4,50s
0.682,0.839,6,-9.186,1,0.0466,0.336,0.000571,0.17,0.953,145.051,audio_features,49E8SDVZ7BUyNAZZYfZdRx,142400,4,50s
0.455,0.167,0,-13.613,1,0.0739,0.918,0,0.173,0.404,76.118,audio_features,3vFVS2WYHDG4KkWCNecvpn,185067,4,50s
0.547,0.706,7,-8.226,1,0.0353,0.647,1.26E-06,0.49,0.963,159.525,audio_features,7jPKMlLGZAMnGntHaFeU12,108867,4,50s
0.398,0.458,2,-9.131,1,0.0344,0.87,6.01E-06,0.0895,0.546,77.915,audio_features,6TK8A5OtTwjm6g93zLd9HO,171507,4,50s
0.598,0.735,2,-10.882,1,0.0973,0.44,0.000215,0.681,0.615,111.129,audio_features,58PSYdY0GFg0LFb2PxYk4T,321133,3,50s
0.525,0.403,8,-11.987,1,0.0945,0.597,0,0.0565,0.718,125.187,audio_features,6lYeYgSkWh6TZDQy6YZuvG,283200,4,50s
0.629,0.692,0,-6.466,1,0.0295,0.658,0.000463,0.0543,0.842,121.808,audio_features,3FL0L1AhHjFfhxQPGWjKkn,174653,4,50s
0.625,0.791,2,-10.428,1,0.0711,0.198,0.000144,0.0645,0.967,157.413,audio_features,3Ib94mN8YF3cXZo5x1FpQL,125907,4,50s
0.489,0.415,10,-7.466,1,0.0268,0.751,0.000653,0.14,0.357,104.207,audio_features,2xMAFTxwZ0w1twuyMZcYb7,174133,4,50s
0.311,0.455,0,-10.15,1,0.0311,0.27,0.919,0.47,0.845,186.162,audio_features,5hznMxKe11iqwcW8BFlNWZ,142333,3,50s
0.549,0.529,3,-12.291,0,0.108,0.76,0,0.206,0.464,82.755,audio_features,3E5ndyOfO6vFDEIE42HA8o,184333,4,50s
0.448,0.5,7,-11.304,1,0.0356,0.744,0,0.191,0.768,132.443,audio_features,40KCF1U2DNceYsugxZQruU,143267,4,50s
0.742,0.0899,9,-19.187,0,0.158,0.0906,0,0.113,0.351,137.473,audio_features,2CeqxyOZEyiL6pTDYZ9gPH,201333,4,50s
0.648,0.306,0,-13.395,1,0.0883,0.588,0,0.252,0.661,122.027,audio_features,6pPr1KLZit9FgFNhp7xE5m,351893,4,50s
0.244,0.233,9,-16.583,0,0.0413,0.695,0.00059,0.282,0.262,78.088,audio_features,6Rvz1jM5eUqzNs2Pi8RMTG,203267,5,50s
0.221,0.124,10,-19.545,1,0.0346,0.8,0.103,0.316,0.276,82.727,audio_features,7ljPNANyoIDc7sL0PWaJlu,168707,4,50s
0.235,0.244,0,-12.106,1,0.0312,0.949,2.51E-05,0.134,0.149,169.738,audio_features,3nr6QXimwd9K4hpuFdgr6N,169747,5,50s
0.676,0.651,0,-5.015,1,0.0755,0.495,1.02E-05,0.285,0.806,81.272,audio_features,4wWsQBbp4C6wVxp5zsc55C,161958,4,50s
0.328,0.218,8,-12.843,1,0.0383,0.94,0.000169,0.1,0.446,80.584,audio_features,4g9ZMsnY0xpeG3OR8GRJne,183227,4,50s
0.612,0.144,6,-12.204,0,0.0352,0.88,0,0.203,0.343,128.629,audio_features,5OkKOkdVTKFrYi6GWXkMzR,181627,4,50s
0.536,0.637,2,-7.774,1,0.0343,0.467,0,0.0838,0.798,115.24,audio_features,50RwvvEKX5Q7AZt8FTAwIF,150133,4,50s
0.895,0.636,5,-6.043,1,0.06,0.672,3.31E-06,0.0207,0.967,95.922,audio_features,5tHFPtV7dT01fxDe2AhKjD,141400,4,50s
0.489,0.499,11,-9.702,1,0.0271,0.74,0.000236,0.156,0.829,133.341,audio_features,06PdA0DLgF4BfAeUNZAbFG,147880,3,50s
0.556,0.61,9,-4.729,1,0.213,0.833,2.22E-06,0.258,0.665,199.373,audio_features,2xar08Fq5xra2KKZs5Bw9j,171467,4,50s
0.359,0.272,10,-8.393,1,0.0294,0.812,0,0.095,0.254,109.249,audio_features,1ntGJDSakqsaw1KhptKrB5,167800,3,50s
0.607,0.561,9,-10.099,1,0.0425,0.421,0,0.298,0.841,127.638,audio_features,0TMrV95mP7sDlvbE4iVfKP,157207,3,50s
0.396,0.618,3,-8.209,1,0.0311,0.675,0,0.0982,0.824,69.835,audio_features,4MUGG9mgDUP8dlaS3AAeg0,144960,4,50s
0.524,0.478,7,-8.894,1,0.118,0.406,0,0.74,0.843,137.133,audio_features,6TYR3IVgIwDK6ydc2EPEQq,166213,4,50s
0.506,0.618,4,-11.278,1,0.0708,0.657,2.31E-05,0.248,0.789,89.023,audio_features,21WrPeWVmWWBAx0dXYck9L,386560,4,50s
0.216,0.267,8,-13.561,1,0.0351,0.876,2.70E-05,0.109,0.218,82.098,audio_features,4uxsv9PjV3Yeyn51RdWvGJ,216573,4,50s
0.45,0.72,0,-7.595,1,0.0687,0.469,0.000133,0.281,0.556,84.73,audio_features,10DTjZTPH0y0XXFYp43AXC,138453,4,50s
0.291,0.312,10,-10.289,1,0.0363,0.871,0,0.142,0.201,115.075,audio_features,2Tv1cGl60jwtHpOJ9dNPxH,158685,5,50s
0.734,0.59,7,-7.807,1,0.148,0.555,0,0.142,0.782,128.817,audio_features,5WAPUAldIHRM28j5fUl1ak,112280,4,50s
0.514,0.539,3,-15.628,1,0.0402,0.296,0,0.184,0.853,85.368,audio_features,55yFboSykwIU6EueKsNC4N,164547,4,50s
0.676,0.424,9,-8.132,1,0.0329,0.947,0.000494,0.119,0.493,148.373,audio_features,2OARIMw1hpehr86Iwmv04c,150960,4,50s
0.69,0.508,8,-9.92,1,0.0469,0.851,0.000185,0.496,0.818,132.892,audio_features,3iskX6pzPZOyUNoVCQ7oMz,164400,4,50s
0.25,0.398,7,-9.495,0,0.0301,0.742,4.24E-06,0.0975,0.559,145.178,audio_features,5bDVkMLsBJgNL3eejUhBKF,169547,4,50s
0.717,0.883,9,-8.686,0,0.0608,0.125,0.167,0.176,0.942,156.299,audio_features,1ZWIQXfAquWtLDK5aOUczS,119360,4,50s
0.494,0.131,0,-14.475,0,0.0347,0.961,0.769,0.0749,0.355,79.105,audio_features,1duCPx5TGotRzzWdodsHt1,476752,4,50s
0.693,0.324,11,-15.085,1,0.205,0.796,0,0.246,0.382,144.14,audio_features,3P6OwCX7Ofiaaqtvujb6i5,158307,4,50s
0.577,0.306,9,-11.559,1,0.0427,0.383,0,0.18,0.568,125.166,audio_features,2WaYW84yWij5NSCpgSeU2R,177400,4,50s
0.31,0.254,10,-12.2,1,0.0343,0.897,3.25E-06,0.107,0.296,77.512,audio_features,63NmQTtxQLHSRp7li6aAmP,181400,1,50s
0.552,0.521,0,-10.292,1,0.0434,0.578,0,0.125,0.932,166.089,audio_features,1gU6T4sESXRt6RC2ufSqDf,190032,4,50s
0.696,0.547,5,-5.954,0,0.169,0.792,0,0.155,0.623,73.203,audio_features,5P11rW6aJErF37MTfRZS31,155507,4,50s
0.526,0.774,5,-1.692,1,0.0459,0.715,0,0.437,0.715,131.715,audio_features,1KLpjQFgubHI3GkAICCNH3,150706,4,50s
0.502,0.445,1,-9.562,1,0.0688,0.481,0,0.0823,0.939,140.988,audio_features,2ePDfIXoP2HmC1hfsujb2J,145653,4,50s
0.388,0.434,7,-11.997,1,0.0354,0.789,0.954,0.728,0.873,206.313,audio_features,4nAJtcmiyoL0ARY5WZY9IN,153533,4,50s
0.585,0.247,1,-12.612,1,0.04,0.452,8.85E-06,0.107,0.591,127.15,audio_features,3aEJMh1cXKEjgh52claxQp,223760,4,50s
0.566,0.534,5,-9.416,0,0.0409,0.713,0,0.0883,0.582,129.69,audio_features,4IYyGIbMS5ZkxDXGfPIrXr,162293,4,50s
0.43,0.558,1,-6.549,1,0.0844,0.534,0.000507,0.0914,0.779,172.756,audio_features,6XAcmxPbCfMzLBvjBd2G0H,140827,4,50s
0.602,0.597,9,-7.73,1,0.0303,0.714,0,0.0863,0.866,137.001,audio_features,0SfreyN9i8MPgrtYS5PCjg,121133,4,50s
0.506,0.699,10,-3.834,1,0.0348,0.569,0,0.158,0.901,103.463,audio_features,7vAw4LLIms6X8ZHcbtoazz,141387,4,50s
0.212,0.334,6,-12.196,1,0.0308,0.717,0.0056,0.0936,0.638,141.071,audio_features,5zgzOyEZPoeQwmXFzW0bPn,156893,4,50s
0.713,0.793,3,-10.138,1,0.21,0.81,0,0.198,0.804,92.713,audio_features,49vvBOlcnR3X4ArmnZMPL3,144600,4,50s
0.696,0.21,4,-11.922,1,0.067,0.84,1.62E-06,0.107,0.717,93.543,audio_features,6xNwKNYZcvgV3XTIwsgNio,127560,4,50s
0.797,0.105,1,-16.881,1,0.0969,0.885,0.000116,0.108,0.419,122.545,audio_features,4fHDlIntTsRGSyTg5UYZYC,183133,4,50s
0.605,0.845,6,-8.672,0,0.0596,0.819,0.000267,0.253,0.965,75.322,audio_features,1slMt4LizkO9dVcMZItJ1O,144067,4,50s
0.526,0.488,10,-12.645,1,0.0296,0.601,1.31E-05,0.094,0.718,115.194,audio_features,0qDShcc7oY6M8OFaDXHOZG,141987,4,50s
0.714,0.253,0,-15.16,0,0.0433,0.922,4.91E-06,0.173,0.695,104.302,audio_features,4M1wetsQ0kt4WjAsFRPSfE,161855,4,50s
0.501,0.311,4,-9.62,1,0.0251,0.672,0.000125,0.174,0.818,85.322,audio_features,7j2OoTiQHGLRLSfqISKKY6,136827,4,50s
0.43,0.33,6,-10.621,1,0.0353,0.876,0,0.105,0.316,108.824,audio_features,0GVvRmCoiLkhxJvlZy9bLk,187667,3,50s
0.555,0.377,1,-9.123,1,0.0295,0.671,0,0.128,0.619,78.986,audio_features,0QGwOFQChzflLAmPq5NwKo,158253,4,50s
0.706,0.883,8,1.085,1,0.24,0.777,2.06E-06,0.0562,0.887,88.351,audio_features,2yOXKIU9YtBSWjI3OA8tqj,143067,4,50s
0.349,0.182,5,-13.507,1,0.031,0.92,0.0152,0.143,0.178,136.094,audio_features,648TTtYB0bH0P8Hfy0FmkL,191973,3,50s
0.58,0.356,10,-12.894,0,0.0387,0.338,0,0.335,0.7,140.647,audio_features,1vVY5vd4kowd70TdTuEjfV,147587,4,50s
0.625,0.425,7,-9.962,1,0.0359,0.652,0.000525,0.124,0.829,80.024,audio_features,21NhrNOfIoakyWISXUMkFN,169707,4,50s
0.565,0.962,8,-2.981,1,0.064,0.437,0,0.056,0.906,148.808,audio_features,7DJsL4jyXA39GDiHFQYQ0t,160227,4,50s
0.556,0.458,1,-7.322,1,0.0287,0.862,0,0.172,0.68,89.212,audio_features,6pVZR38m2UcizxA6YAnkw4,161667,4,50s
0.627,0.7,3,-9.657,1,0.0522,0.121,0.0111,0.188,0.856,175.33,audio_features,7ItZM6DMZE2m1X7yIaRxjq,118227,4,50s
0.569,0.372,2,-7.022,1,0.0515,0.809,0,0.3,0.5,123.411,audio_features,4tsUpfcr6bSM4PIIFQGkQF,129813,4,50s
0.335,0.926,8,-8.763,1,0.0958,0.0266,3.13E-06,0.0696,0.948,170.467,audio_features,5n5h1rwx8arEaRureuyNeS,137067,4,50s
0.516,0.798,10,-9.049,1,0.083,0.738,0.000128,0.305,0.969,168.195,audio_features,3BUQFs6aFWh7EFNmI8bfL7,161560,4,50s
0.408,0.366,9,-10.434,1,0.0296,0.869,0,0.267,0.294,77.711,audio_features,1tu5rCtK0jCLMeoWCYnttf,164400,4,50s
0.697,0.55,2,-11.496,1,0.18,0.856,3.44E-05,0.0907,0.844,84.802,audio_features,01u6AEzGbGbQyYVdxajxqk,122893,4,50s
0.633,0.568,9,-11.225,1,0.0323,0.352,6.03E-05,0.154,0.969,84.491,audio_features,05r0esO8ozJjsN7DzsJoMy,138400,4,50s
0.57,0.863,7,-10.82,1,0.0526,0.581,0.00412,0.313,0.909,163.837,audio_features,5wJXbK6be3OUwZHrqEuuaD,128640,4,50s
0.489,0.866,10,-7.433,1,0.0933,0.753,0,0.876,0.416,138.63,audio_features,2ZNTPtYmAhN9vCwnAgqKn1,268560,4,50s
0.675,0.899,10,-6.124,0,0.0418,0.0696,0.000139,0.33,0.91,103.683,audio_features,3LmpQiFNgFCnvAnhhvKUyI,285200,4,70s
0.67,0.619,0,-10.365,0,0.0323,0.0514,0,0.0492,0.807,108.826,audio_features,3M5eeHXgG4VplKNcsBC8Dj,160500,4,70s
0.572,0.214,7,-15.625,1,0.0293,0.649,0.129,0.125,0.485,95.542,audio_features,6zC0mpGYwbNTpk9SKwh08f,225027,4,70s
0.601,0.532,10,-9.119,1,0.0286,0.432,6.25E-06,0.0925,0.341,136.571,audio_features,3gdewACMIVMEWVbyb8O9sY,281613,4,70s
0.694,0.831,9,-7.288,1,0.0301,0.165,0.000892,0.25,0.98,125.901,audio_features,3wpLkju0bJy89kjgdRys0j,215080,4,70s
0.579,0.508,2,-9.484,1,0.027,0.00574,0.000494,0.0575,0.609,147.125,audio_features,4Vn7TykT27PIygBiZjTR2s,391376,4,70s
0.633,0.357,5,-9.366,0,0.0264,0.105,0,0.133,0.674,104.938,audio_features,2JoZzpdeP2G6Csfdq5aLXP,245200,4,70s
0.631,0.59,5,-12.138,1,0.0297,0.00367,0.00299,0.0537,0.927,130.145,audio_features,3rqXP37YkEnizabzjM7uIu,208933,4,70s
0.482,0.835,6,-7.68,0,0.0539,0.0191,0.0143,0.162,0.776,96.444,audio_features,17arUdDWEinOOVrrVUkEM7,236107,4,70s
0.399,0.467,5,-11.763,1,0.0284,0.303,0.0186,0.124,0.525,75.601,audio_features,0i19MAZbyn8uTir7FprXId,445187,4,70s
0.504,0.673,0,-11.834,0,0.0336,0.214,2.29E-06,0.171,0.581,120.418,audio_features,5uRkew0DtfAQmv0oEYNwFF,180280,4,70s
0.599,0.636,0,-13.084,1,0.0305,0.0248,0,0.0612,0.968,137.172,audio_features,2RDXq7AwoEpvrjsXe4zlUc,200507,4,70s
0.638,0.256,3,-15.68,1,0.0492,0.819,0.0707,0.145,0.438,82.479,audio_features,16qzGrIMWoxerw2gnW0zuv,123333,4,70s
0.815,0.372,7,-12.814,1,0.0752,0.166,0.000116,0.0767,0.293,101.684,audio_features,6Qb7gtV6Q4MnUjSbkFcopl,217347,4,70s
0.443,0.403,0,-8.339,1,0.0322,0.631,0,0.111,0.41,143.462,audio_features,7iN1s7xHE4ifF5povM6A48,243027,4,70s
0.619,0.574,8,-9.775,1,0.0328,0.0805,0,0.0948,0.766,105.35,audio_features,6AplSHtiSr0cqimR27ghdV,200440,4,70s
0.336,0.318,0,-11.412,1,0.0263,0.317,0.0716,0.111,0.24,79.66,audio_features,3JLrri1xSCui3bzITDJbkk,459094,4,70s
0.783,0.322,0,-15.091,1,0.0343,0.213,0.00243,0.114,0.77,128.226,audio_features,2Xb6wJYGi0QXwURw5WWvI5,267773,4,70s
0.682,0.537,2,-10.254,0,0.0323,0.218,3.07E-05,0.0556,0.963,124.574,audio_features,2BstRQGodshjGpeDGQiNgo,356733,4,70s
0.673,0.581,2,-10.205,1,0.029,0.223,0.000206,0.063,0.818,130.771,audio_features,4IU1RL4BKvFyXtbTwaHAvW,211387,4,70s
0.795,0.71,9,-4.746,0,0.0392,0.443,0.0215,0.344,0.845,109.689,audio_features,3hJLKtTpgct9Y9wKww0BiR,288667,4,70s
0.575,0.318,0,-16.729,1,0.109,0.683,0.000202,0.0934,0.385,104.522,audio_features,5p3JunprHCxClJjOmcLV8G,254173,4,70s
0.828,0.492,0,-9.744,1,0.0276,0.0644,0.00428,0.128,0.789,120.151,audio_features,0ofHAoxe9vBkTCp2UQIavz,257800,4,70s
0.474,0.917,9,-4.19,1,0.0395,0.582,0.231,0.201,0.902,152.113,audio_features,0UAJH0k4k3slcE83a9UGCe,241040,4,70s
0.492,0.639,2,-9.944,1,0.0319,0.235,0,0.0738,0.792,115.519,audio_features,4kPSjEg8u1U4pg2dHHMmtf,256533,4,70s
0.479,0.601,7,-8.806,1,0.0318,0.0832,0.00142,0.11,0.669,124.966,audio_features,1H4idkmruFoJBg1DvUv2tY,313027,4,70s
0.699,0.446,9,-12.719,0,0.0284,0.496,0.0054,0.177,0.788,104.243,audio_features,4etJ8NpS7YJ6vViV2UEJit,233187,4,70s
0.523,0.758,2,-9.81,1,0.0403,0.133,0,0.0952,0.766,135.437,audio_features,1I7zHEdDx8Ny5RxzYPqsU2,277267,4,70s
0.69,0.651,9,-8.267,1,0.0324,0.292,0.00241,0.105,0.706,97.918,audio_features,0bRXwKfigvpKZUurwqAlEh,254560,4,70s
0.611,0.47,4,-9.135,1,0.0356,0.579,0,0.581,0.97,85.527,audio_features,6UkMcAA19lTdjs22jtB7o2,134800,4,70s
0.662,0.788,11,-5.544,0,0.0635,0.0812,0.141,0.0351,0.929,116.499,audio_features,0nlZjTPzW6S9JIESuGfImT,315640,4,70s
0.819,0.605,2,-13.83,0,0.132,0.669,0.0163,0.199,0.797,108.892,audio_features,2GVEs1sn5Q1jB1976vQoAX,185533,4,70s
0.545,0.67,9,-8.81,1,0.0496,0.009,0.000822,0.0451,0.481,151.553,audio_features,5e9TFTbltYBg2xThimr0rU,270213,4,70s
0.538,0.969,11,-5.626,0,0.0906,0.417,0.00154,0.119,0.928,138.652,audio_features,0MHXrqn909p0LRTPsNsGEi,165790,4,70s
0.606,0.282,9,-12.207,0,0.0339,0.501,8.30E-06,0.152,0.563,67.409,audio_features,683b4ikwa62JevCjwrmfg6,274040,4,70s
0.671,0.461,4,-13.874,0,0.13,0.00755,0,0.103,0.784,145.187,audio_features,6BmzbaB08O0FjHXeS0cR5b,204653,4,70s
0.838,0.806,2,-9.738,1,0.0408,0.213,0.00203,0.354,0.846,123.121,audio_features,29L9RTMgpqS98Lu0VUUhhr,361093,4,70s
0.537,0.701,1,-8.913,0,0.0335,0.0972,0,0.0832,0.583,120.919,audio_features,0qdQUeKVyevrbKhAo0ibxS,281227,4,70s
0.635,0.686,9,-15.648,1,0.053,0.209,0.0176,0.282,0.464,125.988,audio_features,2EC9IJj7g0mN1Q5VrZkiYY,274747,4,70s
0.693,0.201,1,-9.903,1,0.0288,0.9,0,0.112,0.679,100.836,audio_features,7shVwhUdVbHpykOfbzvDc1,263480,4,70s
0.432,0.389,7,-6.517,1,0.0255,0.687,0.0107,0.0788,0.158,139.506,audio_features,52dm9op3rbfAkc1LGXgipW,341773,4,70s
0.433,0.733,1,-9.244,0,0.0491,0.307,0.000144,0.0827,0.742,102.662,audio_features,4RNHbYuRaZesMODlihhsUG,236467,4,70s
0.721,0.521,2,-8.123,1,0.0612,0.0707,0.00552,0.127,0.942,123.118,audio_features,1i6N76fftMZhijOzFQ5ZtL,261413,4,70s
0.49,0.758,7,-6.491,1,0.0297,0.000671,0.484,0.092,0.435,112.114,audio_features,7Jh1bpe76CNTCgdgAdBw4Z,371413,4,70s
0.665,0.673,0,-7.95,1,0.0493,0.259,7.62E-06,0.497,0.779,132.642,audio_features,0dBatXn1vVUl0jLgXRClwD,322549,4,70s
0.783,0.878,1,-3.864,0,0.0308,0.39,0.000778,0.0426,0.885,100.626,audio_features,77oU2rjC5XbjQfNe3bD6so,265173,4,70s
0.742,0.471,0,-10.767,1,0.0326,0.134,0.0903,0.284,0.815,124.95,audio_features,3uiMBldZ07pW0ySHDX5gzE,354240,4,70s
0.49,0.581,5,-6.566,1,0.0388,0.553,0.0177,0.0764,0.318,88.718,audio_features,01UYpHuzHi4eB9PAbDoPY2,205480,4,70s
0.608,0.524,8,-10.266,1,0.0309,0.367,0.00254,0.115,0.797,86.204,audio_features,3lh3iiiJeiBXHSZw6u0kh6,205613,4,70s
0.728,0.718,8,-5.281,0,0.0501,0.0848,0,0.0579,0.733,95.922,audio_features,6gTrbqZnyljwXdYQTyBkSx,219467,4,70s
0.706,0.723,5,-9.235,1,0.0382,0.0232,0.0441,0.0994,0.937,113.121,audio_features,6HZKlK1mDDBsILMoNNncxL,415467,4,70s
0.279,0.473,4,-8.375,0,0.0309,0.242,0.00164,0.158,0.246,167.792,audio_features,6yLIqXX9edg1x0HZS7cZEv,257107,4,70s
0.588,0.568,6,-9.766,1,0.0672,0.16,0,0.0792,0.952,106.938,audio_features,4pNiE4LCVV74vfIBaUHm1b,232760,4,70s
0.653,0.719,10,-5.262,1,0.0363,0.684,0,0.408,0.682,136.153,audio_features,55GxhCTq6SY3tFTVh7z1nR,178046,4,70s
0.758,0.378,8,-15.308,0,0.0449,0.284,0,0.049,0.985,120.736,audio_features,2yBVeksU2EtrPJbTu4ZslK,223867,4,70s
0.826,0.608,4,-8.442,1,0.162,0.61,0.000164,0.116,0.846,95.085,audio_features,1BvpeiApX8qhof8Pmi3YlH,183693,4,70s
0.679,0.575,1,-8.037,1,0.0717,0.632,0,0.165,0.79,102.588,audio_features,6XitzIBDSAbU9gU9lhouQa,219907,4,70s
0.559,0.473,5,-7.712,1,0.0279,0.446,0.00141,0.154,0.397,121.227,audio_features,6Rvlwah55rEmg1ufhBz022,192827,4,70s
0.549,0.651,0,-7.097,1,0.0323,0.583,0,0.121,0.368,122.818,audio_features,2hdNya0b6Cc2YJ8IyaQIWp,212307,4,70s
0.372,0.642,11,-11.955,1,0.0594,0.0947,0,0.117,0.705,198.731,audio_features,1l1YTy9nJ0trwhsCGcimly,190058,4,70s
0.728,0.878,11,-6.926,0,0.0564,0.176,0.856,0.61,0.911,126.59,audio_features,0LoQuiekvzqx7n8flgEKzF,262613,4,70s
0.655,0.606,7,-10.385,1,0.0285,0.0603,0.0789,0.0757,0.765,110.061,audio_features,608xszaAxVh4m7NcKJiAbF,291686,4,70s
0.383,0.97,9,-5.638,1,0.0435,0.0276,0,0.0942,0.62,101.603,audio_features,21YxK0klhpfLW8budkJaMF,313926,4,70s
0.4,0.267,10,-12.488,1,0.0323,0.744,0.00734,0.103,0.0872,144.799,audio_features,4TOMI010Sd4ZAX4aZ5TS85,225000,3,70s
0.654,0.506,11,-17.18,0,0.0535,0.686,0.0155,0.155,0.831,123.179,audio_features,54eZmuggBFJbV7k248bTTt,252240,4,70s
0.756,0.397,7,-10.701,0,0.0522,0.57,0.0115,0.0542,0.507,101.985,audio_features,63xdwScd1Ai1GigAwQxE8y,199396,4,70s
0.561,0.754,9,-12.769,0,0.112,0.61,0.0194,0.328,0.642,100.08,audio_features,3e0FzZjTXOUtiJGSClOBrI,282693,4,70s
0.442,0.384,10,-14.635,1,0.0414,0.639,7.70E-05,0.0539,0.216,123.281,audio_features,3ZE3wv8V3w2T2f7nOCjV0N,235987,4,70s
0.589,0.82,2,-9.602,1,0.0369,0.204,0.0188,0.423,0.787,117.307,audio_features,0fFtudFYi0ZJwGQEZEh6PU,252200,4,70s
0.46,0.586,9,-6.32,1,0.0281,0.446,1.74E-05,0.0831,0.489,122.014,audio_features,02fXDM2myvnYF5NyCkKPvp,226960,4,70s
0.481,0.392,1,-11.381,1,0.0312,0.366,0.0452,0.124,0.52,124.572,audio_features,5YSI1311X8t31PBjkBG4CZ,269067,4,70s
0.728,0.68,4,-8.027,1,0.0338,0.0011,0.0599,0.0725,0.441,114.686,audio_features,5lQOzJmQladWC4kLQClssB,252893,4,70s
0.541,0.459,4,-10.433,0,0.0297,0.189,0.0274,0.099,0.803,171.165,audio_features,1Q1b8eVkUPGlpSArl8JAVw,187013,4,70s
0.486,0.45,5,-10.298,1,0.0267,0.166,2.06E-06,0.54,0.55,100.456,audio_features,0pQskrTITgmCMyr85tb9qq,254293,4,70s
0.474,0.711,0,-8.858,1,0.0611,0.28,2.07E-06,0.111,0.52,120.094,audio_features,0stslsclx39gQ7vSYEAgz0,364000,4,70s
0.484,0.508,0,-9.308,1,0.0364,0.376,0.000791,0.0961,0.554,151.867,audio_features,6Xz7FeyE8HTP90HecgHV57,200173,4,70s
0.826,0.718,10,-10.388,0,0.0555,0.0845,5.44E-06,0.0652,0.884,105.857,audio_features,74MfBIVOVHzQiJqfJ1dgTo,252373,4,70s
0.592,0.397,2,-10.81,0,0.0676,0.354,0.000894,0.119,0.205,150.038,audio_features,1qjrYozGqc7upUgfN776lZ,185293,3,70s
0.55,0.824,2,-5.988,1,0.0334,0.448,0.000127,0.366,0.777,114.512,audio_features,7MRyJPksH3G2cXHN8UKYzP,214733,4,70s
0.681,0.264,8,-21.861,1,0.0309,0.833,0.441,0.103,0.692,93.809,audio_features,7gkboYtvhuXNS4EUwmFPcw,175400,4,70s
0.462,0.836,11,-5.766,0,0.0621,0.00517,0,0.18,0.671,168.766,audio_features,1QFh8OH1e78dGd3VyJZCAC,155973,4,70s
0.489,0.389,4,-11.653,0,0.0284,0.877,0.32,0.105,0.254,131.366,audio_features,3D9iV6cYkYJRAPFO6DRKIE,257787,4,70s
0.489,0.724,5,-8.367,1,0.0352,0.313,0.185,0.287,0.15,117.292,audio_features,3qiyyUfYe7CRYLucrPmulD,300400,4,70s
0.414,0.161,7,-22.32,0,0.0318,0.883,0.000223,0.117,0.423,159.375,audio_features,5ihS6UUlyQAfmp48eSkxuQ,199493,4,70s
0.799,0.783,11,-7.703,0,0.0847,0.0519,0.0213,0.127,0.918,97.207,audio_features,5jQcJ2st6yHWhUBjoDoZPH,247587,4,70s
0.678,0.631,11,-8.624,1,0.0301,0.355,0.000268,0.376,0.463,102.378,audio_features,6vZZtivPrtpggT5SSXsYTy,261560,1,70s
0.633,0.934,0,-3.594,1,0.0344,0.219,0.00021,0.0592,0.963,128.606,audio_features,61UuPxxYUvacEH6SHIK3sU,228667,4,70s
0.598,0.643,5,-6.303,1,0.134,0.5,0,0.0435,0.823,167.971,audio_features,5E3P9e1hvjyIOlFyqNB5eD,144333,4,70s
0.62,0.559,2,-10.568,1,0.0369,0.717,0.433,0.133,0.527,129.401,audio_features,2Cz4vdVXzX9tg2lq9cl8At,345680,4,70s
0.404,0.523,4,-15.7,1,0.0575,0.685,0.000498,0.282,0.164,133.738,audio_features,5HQEmiV2lKnSO6qa2fsR7x,366640,4,70s
0.659,0.678,0,-8.18,1,0.0313,0.157,6.69E-06,0.0784,0.647,106.186,audio_features,2DnJjbjNTV9Nd5NOa1KGba,258411,4,70s
0.502,0.4,7,-13.697,0,0.0294,0.856,0.000375,0.333,0.435,127.182,audio_features,6VltRkmJbCTqgKrTHk4Ulw,227706,4,70s
0.755,0.876,0,-8.867,1,0.0362,0.357,5.17E-06,0.22,0.954,102.762,audio_features,6QhXQOpyYvbpdbyjgAqKdY,174827,4,70s
0.509,0.827,0,-7.715,1,0.079,0.0409,0,0.12,0.743,135.601,audio_features,1lqMLr9Wj7SM2F9AikGcxN,512733,4,70s
0.645,0.598,1,-13.18,0,0.0335,0.221,3.53E-06,0.0721,0.913,105.929,audio_features,7Ar4G7Ci11gpt6sfH9Cgz5,227267,4,70s
0.595,0.379,10,-12.058,0,0.0454,0.271,2.81E-05,0.1,0.448,92.006,audio_features,7MF7QAodbGzNYav5ZfIhAY,279333,4,70s
0.414,0.428,0,-11.097,1,0.0278,0.382,0.000243,0.148,0.282,145.075,audio_features,2TVxnKdb3tqe1nhQWwwZCO,377093,4,70s
0.7,0.816,7,-9.711,0,0.044,0.00115,0.00123,0.0901,0.838,113.244,audio_features,5WwRKYnVy9dekqXAGPbAvU,375400,4,70s
0.716,0.625,1,-11.369,0,0.0601,0.396,1.97E-05,0.134,0.826,125.276,audio_features,2BY7ALEWdloFHgQZG6VMLA,186827,4,70s
0.651,0.801,0,-7.34,1,0.0513,0.123,0,0.0825,0.776,133.763,audio_features,5jzma6gCzYtKB1DbEwFZKH,200480,4,70s
0.59,0.355,9,-14.051,1,0.0352,0.48,0,0.0585,0.499,133.03,audio_features,0FD8KMG4pHp0O9clTpChjp,216773,4,60s
0.421,0.119,5,-17.46,1,0.0304,0.989,0.146,0.101,0.218,94.016,audio_features,2ZRBKVRMQ9OK4EeTaMHHSY,210667,4,60s
0.535,0.424,9,-7.491,1,0.0314,0.626,0,0.191,0.539,97.506,audio_features,02KpkaZbiutsR0ucxce4Sh,127733,4,60s
0.712,0.819,2,-6.826,1,0.094,0.0893,2.97E-06,0.11,0.739,143.563,audio_features,0E59YEu2gtTp8MoEWV8KFk,147080,4,60s
0.711,0.362,3,-10.851,0,0.0381,0.272,0,0.127,0.616,117.287,audio_features,1tqT6DhmsrtQgyCKUwotiw,194293,4,60s
0.742,0.674,8,-7.648,0,0.0354,0.788,0,0.0698,0.964,116.53,audio_features,7utoClKnLShFg6u6dZ20gp,136267,4,60s
0.249,0.66,0,-6.905,1,0.0342,0.504,0.0026,0.0891,0.435,149.813,audio_features,3qitymULqEibr7yknRMKU4,248947,4,60s
0.691,0.507,11,-10.23,1,0.0343,0.627,0,0.457,0.885,128.518,audio_features,2g2GkH3vZHk4lWzBjgQ6nY,125440,4,60s
0.298,0.44,11,-10.358,0,0.033,0.515,0.000525,0.105,0.199,173.741,audio_features,3Z5AAfbKef7G8EQHlQKTax,193613,4,60s
0.557,0.698,1,-7.471,0,0.039,0.472,0,0.057,0.677,112.479,audio_features,077PiyK3YgRlnlwhtAUBp7,158720,4,60s
0.518,0.385,4,-14.636,1,0.0339,0.23,0.000226,0.124,0.712,86.604,audio_features,4dBI72rgkmG0gTzswyBTzz,265547,3,60s
0.641,0.774,2,-5.916,1,0.0278,0.0543,1.05E-05,0.0473,0.942,89.787,audio_features,66FSV5dLK5sNLZ00IfHxfD,141600,4,60s
0.644,0.124,5,-17.784,1,0.034,0.91,0.000295,0.103,0.34,82.902,audio_features,3xjaiUvS1ilQFVR5WtzxX5,341467,4,60s
0.653,0.334,9,-6.955,1,0.0313,0.411,3.47E-05,0.123,0.665,119.46,audio_features,2KQM3kDM0zMBC9iynePBbS,174253,4,60s
0.517,0.692,1,-7.273,0,0.0246,0.253,0,0.172,0.476,107.958,audio_features,6i6vTovzDTGf6AQp96YwZK,193293,4,60s
0.557,0.54,9,-10.484,1,0.0347,0.0339,0.00248,0.179,0.394,129.171,audio_features,45yEy5WJywhJ3sDI28ajTm,185733,4,60s
0.536,0.696,4,-6.818,0,0.0365,0.134,3.17E-06,0.287,0.683,117.179,audio_features,2iUyvvPhSYN68f67c7xeVo,214027,4,60s
0.629,0.677,1,-7.239,1,0.0299,0.122,9.72E-06,0.0962,0.627,132.783,audio_features,4RGxUjaCmVtD30pIhtEi7w,195000,4,60s
0.487,0.464,4,-9.821,1,0.03,0.0666,0.00531,0.105,0.851,121.242,audio_features,1GLmaPfulP0BrfijohQpN5,169933,4,60s
0.506,0.442,5,-13.268,0,0.0276,0.0869,0.00239,0.0846,0.532,105.826,audio_features,11607FzqoipskTsXrwEHnJ,175893,4,60s
0.595,0.465,2,-8.412,0,0.026,0.102,0,0.0641,0.492,124.991,audio_features,0DQqzCHlPyKQXfF8uL01SI,210525,4,60s
0.517,0.535,4,-8.331,0,0.0441,0.656,0,0.0743,0.777,132.08,audio_features,1fibb2CBsQPBrSePsMcmPe,145307,4,60s
0.259,0.241,2,-15.955,1,0.042,0.554,6.62E-06,0.0849,0.275,178.453,audio_features,6dfhF1BDGmhM69fnCb6wSC,215293,3,60s
0.521,0.487,6,-7.525,0,0.0299,0.253,0,0.0579,0.483,117.072,audio_features,6iGU74CwXuT4XVepjc9Emf,173040,4,60s
0.456,0.609,11,-11.767,1,0.068,0.275,0.0198,0.108,0.682,84.441,audio_features,6FEKEO3y7QFcMwoGeR0GtU,209800,4,60s
0.548,0.493,1,-11.052,1,0.0282,0.577,0.0195,0.13,0.568,115.24,audio_features,6NDg4EyQE5lalcCEEpytsM,113067,4,60s
0.405,0.463,0,-16.167,1,0.0542,0.00379,0.0442,0.392,0.542,79.451,audio_features,7AL6qzIDHIX7pEUWrzNiIs,193467,4,60s
0.63,0.519,9,-10.997,1,0.0528,0.225,4.30E-06,0.0974,0.502,143.942,audio_features,0sDqo9UPzPUtu9wEkI3zRB,278627,4,60s
0.321,0.0631,6,-21.616,0,0.0351,0.833,0.83,0.141,0.264,135.605,audio_features,3IKyTBHZSgCx2v1ZX8v0TZ,191107,4,60s
0.654,0.483,10,-10.028,1,0.0509,0.709,0,0.102,0.604,120.673,audio_features,617BX2z1ctbswU1xjU3LRW,188893,4,60s
0.513,0.826,8,-8.407,0,0.0574,0.555,3.48E-05,0.366,0.539,94.582,audio_features,0OwvrdjaJOypNsNQHyBWE5,177227,4,60s
0.52,0.179,11,-21.976,0,0.0454,0.356,0.00344,0.131,0.407,155.746,audio_features,4uYwlMp841PLJmj1gJJwIq,197093,4,60s
0.338,0.668,2,-8.641,1,0.0421,0.387,1.59E-05,0.111,0.561,127.097,audio_features,7A8oXvjcFnGCmzbswJ0MKu,149733,5,60s
0.681,0.501,9,-7.796,1,0.344,0.111,0.221,0.217,0.863,203.605,audio_features,27r3dprRqVSEmtFwP6o31I,148827,4,60s
0.512,0.426,7,-14.081,1,0.0449,0.109,0.00225,0.764,0.7,132.495,audio_features,6kPxXhjSvy8RsmZBAJUiFs,153467,4,60s
0.68,0.507,7,-5.929,1,0.0336,0.0586,6.49E-06,0.0754,0.854,123.47,audio_features,5kIGcBxKdSWuEh6hLlOukV,177427,4,60s
0.46,0.389,0,-11.603,1,0.031,0.349,0,0.0533,0.606,123.213,audio_features,3k63RLvRgkgPGx0keOH3P6,159973,4,60s
0.669,0.55,10,-9.013,1,0.0615,0.593,2.23E-06,0.131,0.957,96.085,audio_features,06T5IXafVzjVSHXf5ustkj,141293,4,60s
0.62,0.398,2,-15.676,1,0.0303,0.556,6.91E-06,0.273,0.677,106.265,audio_features,3ET8TZWF5sP4SPfJK1lKun,166600,4,60s
0.605,0.455,5,-8.903,0,0.0301,0.595,0,0.0816,0.678,106.825,audio_features,6krYiEjgGJaMJMTjW7OJ7L,151289,4,60s
0.807,0.497,7,-10.656,1,0.0297,0.306,0.0323,0.043,0.765,114.523,audio_features,4ZVZBc5xvMyV3WzWktn8i7,141507,4,60s
0.63,0.625,4,-8.407,1,0.0375,0.6,1.52E-05,0.24,0.887,122.504,audio_features,4DWFSrNnZXow1aB96gByho,151307,4,60s
0.451,0.364,9,-13.126,1,0.0436,0.469,0,0.197,0.298,154.206,audio_features,2PuUFT13yCzUOZun94WOXv,444053,4,60s
0.635,0.167,1,-12.998,1,0.0403,0.858,0.000999,0.213,0.246,83.768,audio_features,7a3g7jILDCvADVN9NQIyYj,239733,4,60s
0.607,0.142,7,-23.455,1,0.0382,0.843,0.000197,0.121,0.305,118.867,audio_features,4K1imZQQ0yKtJ40vGmUajS,220400,4,60s
0.192,0.392,5,-11.667,1,0.0328,0.326,0.000199,0.248,0.391,172.312,audio_features,6V9VCm1zOY2lGR80RehJ9i,186200,4,60s
0.556,0.249,2,-17.875,1,0.0339,0.917,0.0188,0.113,0.518,87.715,audio_features,7t20AEMjEBgO2V4VCt2VRQ,196640,4,60s
0.403,0.495,10,-6.888,0,0.0312,0.387,8.03E-06,0.147,0.38,132.912,audio_features,2oF7FZHIJbzjeEXZ3D0Ku4,217747,4,60s
0.63,0.616,1,-8.128,0,0.0309,0.463,0.0408,0.173,0.509,118.65,audio_features,1dv3ePjze9tPq2pk8eWJdR,270773,4,60s
0.587,0.133,9,-15.151,0,0.0565,0.186,2.26E-05,0.258,0.068,102.938,audio_features,4lm3Qc4gKR4zUBeDhcrKPr,201733,4,60s
0.514,0.624,0,-9.287,0,0.0842,0.513,0.00517,0.307,0.755,166.726,audio_features,3VgrSJEKBRT3xmwzpaxxEF,163053,4,60s
0.551,0.293,2,-12.503,1,0.0272,0.486,0.000273,0.0864,0.322,106.798,audio_features,4vpeKl0vMGdAXpZiQB2Dtd,150640,4,60s
0.613,0.844,9,-10.147,1,0.0553,0.123,0.761,0.308,0.519,102.773,audio_features,4qpIk2rvkmxJEVvt38tepd,322360,4,60s
0.816,0.514,10,-8.741,1,0.0339,0.767,0.949,0.0899,0.912,136.837,audio_features,4fQMGlCawbTkH9yPPZ49kP,176333,4,60s
0.498,0.516,10,-9.714,1,0.0365,0.734,0.306,0.206,0.354,66.209,audio_features,2OwKfQWsrkGJGULGijojrv,139773,4,60s
0.495,0.435,0,-9.99,1,0.0286,0.67,0.00038,0.13,0.71,108.189,audio_features,5YsyqcewwE0c1ukzHVciS3,169160,4,60s
0.714,0.338,4,-10.994,0,0.0456,0.93,0.00644,0.389,0.667,128.386,audio_features,2JdM4xPoCuHrMzOGQrMUBj,165067,4,60s
0.822,0.332,1,-11.369,1,0.0506,0.834,0,0.11,0.834,110.802,audio_features,3c06k9x6MHHdPQi3ix68yF,139093,4,60s
0.653,0.519,2,-10.164,1,0.0497,0.406,0.0209,0.101,0.822,98.883,audio_features,1qRA5BS78u3gME0loMl9AA,153693,4,60s
0.57,0.523,6,-11.052,1,0.0277,0.282,2.69E-06,0.248,0.508,101.137,audio_features,6Udg88zGCFc2xA9M4EavzH,173307,4,60s
0.72,0.705,5,-6.82,1,0.0408,0.506,1.12E-06,0.147,0.775,106.332,audio_features,5WUgOOaTk00PnksDekcgcg,162293,4,60s
0.603,0.596,9,-8.029,1,0.0728,0.395,2.31E-06,0.451,0.502,128.129,audio_features,0fYgtNCNCjFDeJWTIMukNU,172747,4,60s
0.527,0.871,4,-8.708,1,0.0354,0.0229,0.155,0.419,0.107,120.722,audio_features,672N8DGGTOLCOgWe0koX5g,188560,4,60s
0.543,0.395,9,-11.396,1,0.0267,0.701,4.24E-05,0.0961,0.231,94.872,audio_features,14CsqOaDkOkrZ49UJLtuOJ,340560,3,60s
0.408,0.436,0,-7.712,1,0.0345,0.805,1.72E-06,0.305,0.474,175.024,audio_features,2AvMA7gOOhQpDDUjBs89ap,284707,3,60s
0.507,0.493,0,-8.786,1,0.0327,0.453,0,0.241,0.467,127.671,audio_features,2x0supcZhd6NEH1nem9DnR,213267,4,60s
0.553,0.576,0,-13.458,1,0.0304,0.191,0.00664,0.0365,0.457,109.827,audio_features,3Xls4cNOwy01dtrNXb1inG,298333,4,60s
0.402,0.493,4,-9.99,1,0.0357,0.235,3.05E-05,0.229,0.692,124.103,audio_features,1Yp16rwCxTScYhK5ThYUZR,164813,4,60s
0.764,0.373,2,-7.176,1,0.051,0.249,0.00492,0.0838,0.811,106.704,audio_features,7weLWbJdUz7ZQR4ZJX6l59,220693,4,60s
0.561,0.382,7,-11.276,1,0.0267,0.491,1.08E-06,0.156,0.758,96.447,audio_features,5lEyMg4GNKnMbaarvT4sRd,225920,4,60s
0.623,0.156,6,-15.098,1,0.0308,0.912,0,0.141,0.329,97.235,audio_features,3NW1YMA8kfNVTzGJCGBS8m,274560,4,60s
0.641,0.703,9,-10.434,1,0.0518,0.397,0.00546,0.104,0.722,129.118,audio_features,1DKyFVzIh1oa1fFnEmTkIl,156800,4,60s
0.632,0.59,5,-10.206,1,0.0305,0.346,0,0.24,0.953,130.287,audio_features,455HSLQfOn9vxG6UjzoTWw,172733,4,60s
0.663,0.113,5,-19.119,0,0.0477,0.897,0.000406,0.114,0.401,130.135,audio_features,58TnktmMKygKvmKEHInhuc,324600,4,60s
0.397,0.42,1,-10.851,1,0.0351,0.708,8.05E-05,0.0568,0.595,116.591,audio_features,4oSl4Ga2ecVNnV9vsdNOpZ,213787,4,60s
0.483,0.721,0,-6.836,1,0.032,0.729,0,0.189,0.562,95.261,audio_features,3AhXZa8sUQht0UEdBJgpGc,369600,4,60s
0.704,0.528,5,-13.382,1,0.0358,0.22,0.35,0.14,0.73,117.472,audio_features,5tmrnhMxx39jnu3kjopMdP,238267,4,60s
0.746,0.334,6,-13.418,1,0.13,0.395,0.00793,0.258,0.68,126.099,audio_features,3pL0x4IUqemNfzJPn5Hvbi,152333,4,60s
0.349,0.543,10,-10.577,1,0.0429,0.296,0,0.0665,0.875,202.426,audio_features,35Agv76BTtZGXlXutlfuYj,158667,4,60s
0.623,0.709,1,-9.818,0,0.0636,0.102,0,0.0967,0.948,122.394,audio_features,0iA3xXSkSCiJywKyo1UKjQ,165381,4,60s
0.562,0.54,0,-7.875,1,0.0365,0.803,3.86E-06,0.106,0.793,134.676,audio_features,6yz8hKpO3s2byra8Et3w9x,151440,4,60s
0.364,0.768,9,-10.492,1,0.0757,0.21,0.136,0.503,0.37,130.602,audio_features,5v3utF8InHZKd8JZJK5rCx,214640,4,60s
0.794,0.364,0,-13.515,1,0.0527,0.623,9.10E-06,0.108,0.829,119.358,audio_features,5TzAiurXl4sxQRgl54KqYZ,170000,4,60s
0.593,0.642,5,-9.894,0,0.0304,0.186,0,0.129,0.919,133.281,audio_features,0Hw6SCrtU9pFCjgAONpnGZ,174400,4,60s
0.563,0.915,7,-5.062,1,0.08,0.247,8.46E-05,0.0613,0.71,136.345,audio_features,5gmMa8nwzrkcPbHzSW3azN,142227,4,60s
0.457,0.412,7,-11.138,0,0.0369,0.0516,4.35E-05,0.275,0.44,129.423,audio_features,7rea8oiI7zkZI5dbigK06f,172693,4,60s
0.786,0.442,9,-10.083,1,0.0528,0.177,0.000146,0.0625,0.849,131.156,audio_features,1t3fKjN5Y7RPmO1dfdxiRe,132800,4,60s
0.468,0.607,9,-11.367,1,0.0336,0.072,0.000852,0.225,0.886,98.429,audio_features,3MODES4TNtygekLl146Dxd,263333,4,60s
0.423,0.681,10,-9.756,1,0.0397,0.0592,0.000177,0.0889,0.559,110.461,audio_features,7AzFID6u1b3zIWbd9pb8Dk,160307,4,60s
0.486,0.312,2,-13.522,1,0.0533,0.726,1.59E-06,0.0601,0.598,205.917,audio_features,4Y4Gd3ty8uut6Qw43c7yJc,166827,4,60s
0.684,0.481,2,-12.59,1,0.0384,0.475,6.57E-05,0.118,0.784,115.078,audio_features,6FRwDxXsvSasw0y2eDArsz,250000,4,60s
0.637,0.189,7,-10.726,1,0.0471,0.721,0,0.0939,0.695,120.142,audio_features,4FdDorlbJTVHcH3djLbIfn,255002,4,60s
0.376,0.246,10,-9.803,1,0.0286,0.862,0,0.155,0.282,80.167,audio_features,4QelFzhVgLomeQhvKrwM1S,168093,1,60s
0.619,0.472,3,-11.999,0,0.0296,0.293,0,0.168,0.777,119.569,audio_features,3zA42VIIrkVc2OkgUENTa5,174800,4,60s
0.512,0.771,4,-7.006,1,0.0402,0.168,0,0.0895,0.803,129.639,audio_features,1WN4uNclrDuczTO3bCr8s1,160907,4,60s
0.763,0.496,3,-8.509,1,0.0762,0.676,0,0.0564,0.909,142.509,audio_features,4dO8w31U0trkmdr7wL1z4A,169480,4,60s
0.299,0.443,0,-12.621,1,0.0346,0.0748,0.000138,0.177,0.434,139.539,audio_features,72Z17vmmeQKAg8bptWvpVG,318813,4,60s
0.7,0.33,5,-9.027,1,0.0303,0.719,8.60E-05,0.136,0.524,98.605,audio_features,3xsOtNxtBW0oTI1OWKAzTm,178333,4,60s
0.569,0.896,3,-9.068,1,0.0634,0.0602,0.31,0.0723,0.711,137.292,audio_features,269rUyj7DapVabdn6Fuz2M,221747,4,60s
0.605,0.837,7,-10.059,1,0.114,0.754,4.11E-05,0.3,0.93,157.225,audio_features,7xcFTtcCiyRvqLLq8s61WF,161947,4,60s
0.689,0.702,6,-5.642,0,0.0261,0.216,0,0.159,0.484,99.031,audio_features,6e40mgJiCid5HRAGrbpGA6,213600,4,90s
0.559,0.928,5,-3.04,1,0.0355,0.0746,5.56E-05,0.696,0.599,96.315,audio_features,3APayTEWiUl9Ssep4BOXR2,244813,4,90s
0.848,0.666,0,-6.547,1,0.274,0.173,0.000699,0.129,0.744,96.662,audio_features,3Ti0GdlrotgwsAVBBugv0I,251573,4,90s
0.52,0.652,5,-6.655,1,0.0274,0.34,5.49E-05,0.256,0.722,80.609,audio_features,6kvoHl80mfCVTv7XnZkjQn,258787,4,90s
0.409,0.892,2,-4.373,1,0.0336,0.000807,0,0.207,0.651,174.426,audio_features,2CT3r93YuSHtm57mjxvjhH,258613,4,90s
0.548,0.742,0,-6.536,1,0.0337,0.000154,3.97E-05,0.109,0.583,119.496,audio_features,7v02Sn9vYRQ6pc1lqhnkWY,236040,4,90s
0.42,0.33,9,-13.925,1,0.0275,0.245,0.000679,0.0677,0.175,157.143,audio_features,1LzNfuep1bnAUR9skqdHCK,295600,3,90s
0.511,0.574,5,-7.016,1,0.0273,0.0425,2.33E-05,0.105,0.161,119.917,audio_features,3nvuPQTw2zuFAVuLsC9IYQ,280040,4,90s
0.681,0.65,2,-14.637,1,0.0358,0.0396,0.0358,0.101,0.508,109.454,audio_features,5OnyZ56HLhrWOXdzeETqLk,252360,4,90s
0.624,0.826,2,-5.534,1,0.0287,0.113,0,0.0938,0.526,110.368,audio_features,3GpdNg7Krt9vjc6tgDoKe1,257187,4,90s
0.767,0.787,3,-9.897,1,0.0331,0.0163,0.583,0.0513,0.964,126.879,audio_features,5QLHGv0DfpeXLNFo7SFEy1,266200,4,90s
0.559,0.345,4,-13.496,1,0.0459,0.0576,0.000105,0.141,0.458,84.581,audio_features,3d9DChrdc6BOeFsbrZ3Is0,264307,4,90s
0.533,0.761,7,-10.632,1,0.0298,0.013,0.829,0.207,0.917,122.777,audio_features,4c6vZqYHFur11FbWATIJ9P,162187,4,90s
0.768,0.864,11,-6.145,1,0.0324,0.101,0,0.162,0.891,110.008,audio_features,1Je1IMUlBXcx1Fz0WE7oPT,173027,4,90s
0.314,0.797,0,-9.026,1,0.038,0.0057,5.59E-05,0.0718,0.569,145.393,audio_features,2fXKyAyPrEa24c6PJyqznF,351627,4,90s
0.467,0.958,4,-4.808,0,0.0775,0.000479,0.199,0.299,0.701,145.92,audio_features,5xC8uOesnn0udeXAYlAnoY,180880,4,90s
0.7,0.865,9,-5.827,0,0.133,0.0136,7.56E-05,0.0718,0.78,128.04,audio_features,0RWqE2ZaulvnN1i40qIhDh,331760,4,90s
0.549,0.946,7,-4.265,0,0.0377,0.000945,0.00207,0.368,0.477,135.959,audio_features,1Ab3miDy9TBJskMFlkiB5Z,214360,4,90s
0.863,0.452,6,-10.839,0,0.0678,0.0376,0.0215,0.0532,0.544,99.102,audio_features,4sutLmjkVKRN6pOAMo2joC,227867,4,90s
0.389,0.476,9,-9.342,1,0.0316,0.619,5.09E-05,0.255,0.566,148.117,audio_features,6txWz9UapYHVxEd7dDIHXT,217107,4,90s
0.418,0.383,4,-11.782,1,0.0257,0.0718,0.0177,0.0896,0.352,87.773,audio_features,5jafMI8FLibnjkYTZ33m0c,257480,4,90s
0.694,0.881,1,-4.053,0,0.0701,0.0153,0.0196,0.0851,0.924,121.554,audio_features,2UVLuddklEVak5PXgC7baA,231787,4,90s
0.762,0.403,11,-10.423,0,0.158,0.0396,0.0113,0.256,0.346,80.476,audio_features,0tNuJpBgtE65diL6Q8Q7fI,226133,4,90s
0.654,0.611,2,-10.45,1,0.119,0.0337,0.000178,0.405,0.786,85.387,audio_features,5PntSbMHC1ud6Vvl8x56qd,235000,4,90s
0.631,0.638,7,-8.958,1,0.0274,0.4,0.000516,0.216,0.812,133.739,audio_features,1300POeOaj8qho30FRHjgf,305493,4,90s
0.679,0.568,6,-10.74,1,0.0423,0.422,0.00928,0.322,0.93,159.69,audio_features,6VnpKLtfNH4Dk09YSGPSyR,242640,4,90s
0.624,0.879,1,-6.663,1,0.0488,0.0352,0.575,0.127,0.526,109.73,audio_features,33EWQl3SDMyCyloqA6A3B6,225973,4,90s
0.843,0.508,10,-13.918,1,0.221,0.00852,2.10E-06,0.648,0.704,91.094,audio_features,1nSUJWYRqsafI8Bh1X0ypp,298773,4,90s
0.592,0.835,7,-8.475,1,0.032,0.0393,0.209,0.665,0.703,114.436,audio_features,0j5FJJOmmnXPd0XajFWkMF,308427,4,90s
0.619,0.781,5,-7.455,0,0.0393,0.0243,0.000286,0.402,0.533,126.267,audio_features,6XOINCZBv8Q7RXgNNiTwIN,236583,4,90s
0.644,0.599,9,-7.936,1,0.029,0.0443,0,0.286,0.941,111.829,audio_features,1eRqy8jW4ZLMJR6dl3xsgI,193893,4,90s
0.36,0.505,7,-9.129,1,0.026,0.0626,9.22E-05,0.172,0.317,74.807,audio_features,3SVAN3BRByDmHOhKyIDxfC,264067,4,90s
0.651,0.946,6,-4.717,1,0.101,0.13,0,0.148,0.508,91.911,audio_features,0dCr3qIupWh36ilLjRHi4P,228333,4,90s
0.677,0.852,5,-10.856,1,0.045,0.225,3.95E-05,0.0595,0.93,91.691,audio_features,3tyTt5pEWblt96j1HsXiV5,390862,4,90s
0.789,0.412,7,-7.518,1,0.243,0.0218,0.000312,0.3,0.518,89.914,audio_features,6jUyYHDikmw9WltPojSR37,241760,4,90s
0.277,0.67,6,-9.381,1,0.0376,6.28E-05,0.751,0.237,0.217,148.342,audio_features,7bu0znpSbTks0O6I98ij0W,254627,4,90s
0.556,0.92,8,-4.606,1,0.0367,0.00271,0.00021,0.117,0.771,121.138,audio_features,0gOyllwzM7IvfuYZ903zNv,159227,4,90s
0.565,0.902,7,-7.579,0,0.0725,0.0132,0,0.0561,0.544,133.11,audio_features,2aC8wwfrM0YeTAzzk8hxqC,273573,4,90s
0.693,0.875,7,-8.354,0,0.0315,0.00971,0,0.0601,0.901,120.048,audio_features,5CeL9C3bsoe4yzYS1Qz8cw,259387,4,90s
0.535,0.505,2,-8.926,0,0.245,0.0393,0,0.0923,0.495,99.935,audio_features,2bZfoRmADhlF5gMCSZ4pDS,320267,4,90s
0.665,0.292,9,-18.086,1,0.0294,0.686,0.0128,0.0679,0.345,112.331,audio_features,57MbOuT7s2ES3IW9KuZQzI,287507,4,90s
0.643,0.614,2,-12.878,1,0.0279,0.25,7.17E-06,0.214,0.891,93.982,audio_features,6tXnRSvuNgOq4QcxpIN54r,224467,4,90s
0.534,0.605,0,-7.096,1,0.0352,0.0941,4.35E-05,0.198,0.558,142.24,audio_features,4AOuWMwBYlZ96c07ye2w27,183160,4,90s
0.686,0.936,11,-3.923,1,0.0571,0.22,0,0.0964,0.942,125.665,audio_features,29capylmokCeuNAWqGitij,243667,4,90s
0.439,0.434,7,-14.918,1,0.0265,0.0783,4.87E-05,0.14,0.204,94.845,audio_features,0gEyKnHvgkrkBM6fbeHdwK,274707,4,90s
0.633,0.921,11,-7.719,0,0.0495,0.0261,0.00102,0.309,0.925,119.865,audio_features,3nrVwwePAYIRzUNH9ig6mO,244147,4,90s
0.621,0.901,2,-5.396,1,0.0302,0.17,0,0.0875,0.744,113.967,audio_features,1Cwsd5xI8CajJz795oy4XF,300773,4,90s
0.784,0.675,0,-7.718,1,0.049,0.261,1.40E-06,0.293,0.854,124.908,audio_features,6RT3PxDEQOa7m6tK502DNa,224053,4,90s
0.301,0.864,2,-2.255,1,0.0376,0.191,0.00302,0.362,0.112,150.343,audio_features,4pl3KL59qGPUUeNeYwPrOn,450373,4,90s
0.539,0.981,8,-5.012,0,0.041,0.0594,0,0.381,0.853,99.093,audio_features,40B86SINGhkk1T0kZ47JsX,230867,4,90s
0.618,0.893,6,-6.475,1,0.109,0.171,3.17E-05,0.285,0.515,91.972,audio_features,2Bxt2qamL6iu0XN0Td484J,340907,4,90s
0.815,0.605,5,-9.118,0,0.0368,0.033,0.684,0.114,0.795,102.643,audio_features,4ACxa9buEUnOdYEoPcnMpi,259893,4,90s
0.75,0.562,0,-8.45,1,0.0281,0.215,1.10E-06,0.105,0.807,115.008,audio_features,4CcSw8wQAHYf4XNckayPoc,253296,4,90s
0.51,0.389,2,-14.317,0,0.0384,0.286,0.000398,0.644,0.621,94.04,audio_features,4fvTMIZhXaaLokgmo4uMqF,260440,4,90s
0.637,0.739,7,-7.704,1,0.0346,0.000216,0.00188,0.0339,0.95,127.702,audio_features,2C1LBnSUybZIGRJUkSK2GC,215987,4,90s
0.593,0.642,2,-7.284,1,0.0299,0.313,0.000582,0.0804,0.736,76.403,audio_features,6rvYf9JxdVpMdIiEbsbsBL,239440,4,90s
0.452,0.909,9,-3.977,1,0.0366,0.0313,0.0603,0.23,0.805,124.623,audio_features,1v2zyAJrChw5JnfafSkwkJ,225787,4,90s
0.732,0.681,11,-7.103,0,0.0317,0.00145,0.00112,0.11,0.699,103.72,audio_features,2oHmRO0X4gW4VlCJRcZzez,215760,4,90s
0.35,0.828,6,-5.373,1,0.041,0.000217,0.000161,0.0774,0.147,105.435,audio_features,2EoOZnxNgtmZaD8uUmz2nD,318587,4,90s
0.417,0.849,1,-4.199,0,0.0481,0.0146,0.000387,0.0673,0.594,94.267,audio_features,3VEFybccRTeWSZRkJxDuNR,171693,4,90s
0.527,0.418,4,-10.205,0,0.0277,0.142,0.781,0.139,0.217,129.517,audio_features,7A8caPxvrT8ZgLvQPPUCcj,196905,4,90s
0.719,0.556,9,-8.77,1,0.0248,0.477,0.00511,0.0935,0.511,96.9,audio_features,5EVIK1ZxQF78Ryq4hiWj0F,234813,4,90s
0.731,0.683,0,-8.045,1,0.0294,0.447,4.67E-06,0.117,0.963,129.062,audio_features,4BuS4mWBsaVyBpOaoFEWfZ,221640,4,90s
0.734,0.864,2,-6.119,1,0.303,0.022,9.85E-06,0.246,0.47,105.932,audio_features,5fpizYGbi5IQoEraj6FP0R,231493,4,90s
0.541,0.692,7,-7.056,1,0.0278,0.0409,0.000178,0.108,0.303,95.446,audio_features,0lfPPoWG4b3OmhieJ2YDF0,324840,4,90s
0.554,0.932,3,-6.194,1,0.0314,0.000497,0.455,0.0614,0.703,127.209,audio_features,0vVchT7htyhheP8anAnLMR,273827,4,90s
0.506,0.554,10,-6.743,0,0.0339,0.339,0.000355,0.112,0.375,124.724,audio_features,4zzvMG8KrsykYtvFEJ99Cl,186960,4,90s
0.529,0.654,4,-10.04,1,0.0367,0.218,0.00233,0.102,0.485,101.258,audio_features,0cU7itQsrmLK0nggvYc8jM,316333,4,90s
0.617,0.721,11,-6.889,1,0.0305,0.00548,0.000637,0.0645,0.765,119.961,audio_features,7fI96JHMnvd3Ft70Zzv74G,258533,4,90s
0.761,0.775,3,-7.495,0,0.0339,0.00698,0.000543,0.0512,0.966,123.017,audio_features,53qhh1kdcX4gRBShoW4LK8,278000,4,90s
0.339,0.143,0,-10.78,1,0.0317,0.921,0.000636,0.372,0.0948,101.213,audio_features,74X1epeRufHckhuX1KFD04,413320,3,90s
0.641,0.914,2,-4.798,1,0.05,0.0799,6.54E-05,0.132,0.723,107.996,audio_features,36bOT34EdRNrNhCWMwNJKu,208400,4,90s
0.542,0.54,3,-8.888,0,0.0261,0.0901,0.0346,0.198,0.33,136.022,audio_features,1eOCyaSRBdFGofbLYjgGM2,270400,4,90s
0.735,0.974,6,-4.636,1,0.0318,0.43,0,0.145,0.967,123.29,audio_features,0EQknhinIfbJ12hwMGjOY5,205961,4,90s
0.563,0.806,2,-6.826,1,0.0496,0.281,1.49E-05,0.363,0.42,95.188,audio_features,0RmEn2jcbyrLV4em3bnDZJ,323400,4,90s
0.753,0.471,0,-10.48,1,0.0317,0.0805,0.0299,0.131,0.778,96.038,audio_features,6l4TNbfPtNAOOlGIfceSaO,346133,4,90s
0.663,0.838,0,-5.744,0,0.0286,0.2,0.000177,0.0782,0.752,112.788,audio_features,6WK9dVrRABMkUXFLNlgWFh,255133,4,90s
0.222,0.81,0,-6.189,1,0.0399,0.000188,0.0181,0.084,0.266,96.302,audio_features,2VmyLy2HQlkevZYboXHM5O,290960,4,90s
0.491,0.942,7,-5.333,1,0.132,0.156,0,0.367,0.387,100.446,audio_features,37EJtTS7jT5WUyXGZzrwnI,191507,4,90s
0.673,0.772,1,-5.246,0,0.0427,0.0223,1.23E-06,0.141,0.585,90.356,audio_features,6cJqlSO19vsfCsH1FeFI35,183200,4,90s
0.58,0.782,5,-7.085,0,0.0338,0.000133,0.00115,0.31,0.496,143.475,audio_features,0Ssq7X1zG3iUqTDEKPaT1J,217133,4,90s
0.389,0.889,9,-6.546,1,0.0442,0.0415,0,0.463,0.524,171.121,audio_features,5yEPxDjbbzUzyauGtnmVEC,358427,4,90s
0.499,0.873,6,-3.902,1,0.0386,0.00468,0,0.165,0.864,142.726,audio_features,2JdzB67NvIa90K4gEZPLeX,134200,4,90s
0.672,0.828,5,-6.093,1,0.0641,0.143,0.38,0.1,0.54,97.655,audio_features,0hVbUk56Af8wYPUfe3OYNy,266541,4,90s
0.689,0.333,3,-13.288,1,0.0262,0.163,3.36E-05,0.0853,0.284,101.988,audio_features,0L0T4tMAaGqLgIVj1MOj9t,336667,4,90s
0.256,0.464,5,-10.959,1,0.0382,0.433,0,0.121,0.355,205.362,audio_features,0gLQ6jhJsyYfl7PrD1RZ7X,209293,3,90s
0.472,0.652,1,-10.171,0,0.0305,0.0131,1.12E-05,0.14,0.401,140.124,audio_features,0wokCRaKD0zPNhMRXAgVsr,340200,4,90s
0.726,0.679,1,-6.219,1,0.0473,0.0149,1.49E-06,0.0837,0.751,107.02,audio_features,1yTQ39my3MoNROlFw3RDNy,235973,4,90s
0.578,0.817,0,-6.542,1,0.0363,0.183,3.06E-06,0.285,0.726,141.621,audio_features,5DiXcVovI0FcY2s0icWWUu,272293,4,90s
0.811,0.458,5,-9.688,0,0.0402,0.0193,1.41E-06,0.0526,0.797,92.94,audio_features,1aWV3uY3SIEZVbmv45oFWS,268533,4,90s
0.669,0.727,7,-7.588,1,0.0353,0.139,0,0.123,0.807,102.322,audio_features,6xkryXuiZU360Lngd4sx13,243493,4,90s
0.677,0.484,9,-10.506,0,0.0324,0.077,4.75E-05,0.135,0.697,123.534,audio_features,79WrmdVsLbwRTUCiH7cPsa,247200,4,90s
0.701,0.539,2,-8.968,1,0.0277,0.000655,0.005,0.0589,0.752,107.531,audio_features,0z1b34WikhOH9ZxU8QDWcv,312627,4,90s
0.737,0.88,6,-6.449,1,0.0433,0.00379,0.00351,0.417,0.329,115.998,audio_features,27QvYgBk0CHOVHthWnkuWt,316813,4,90s
0.633,0.841,4,-5.932,1,0.0702,0.2,0,0.396,0.803,95.888,audio_features,4MIB4aXVS0M0KNVcbQlyOP,233867,4,90s
0.284,0.875,11,-6.069,0,0.0422,0.00752,0.000461,0.402,0.595,75.009,audio_features,1L94M3KIu7QluZe63g64rv,340907,4,90s
0.432,0.551,0,-8.096,1,0.0289,0.501,1.77E-06,0.472,0.253,136.465,audio_features,0q90594hk25yo0xZmBTqCd,346960,4,90s
0.349,0.913,0,-3.603,1,0.0691,0.0303,8.06E-06,0.12,0.225,164.005,audio_features,698mT3CTx8JEnp7twwJrGG,287827,4,90s
0.615,0.72,9,-5.16,0,0.0658,0.068,0.0105,0.0889,0.696,94.002,audio_features,7tUEDtHchueeUJTfEFEhii,226947,4,90s
0.714,0.868,5,-4.596,0,0.0363,0.0551,0,0.0987,0.78,95.05,audio_features,5zF2zGPkL6Ipsn9AfAK6RP,206200,4,00s
0.672,0.857,0,-4.915,1,0.038,0.0128,0.0009,0.16,0.685,138.153,audio_features,2f14Vwn28w1soYnolluueL,278720,4,00s
0.821,0.741,1,-4.57,0,0.0313,0.0278,2.51E-05,0.19,0.741,118.984,audio_features,5vQXxfGn1bjv5WESrYVVpw,244440,4,00s
0.757,0.957,8,-4.617,1,0.106,0.209,2.29E-05,0.0624,0.933,153.944,audio_features,0LAfANg75hYiV1IAEP3vY6,271907,4,00s
0.778,0.824,10,-5.892,0,0.0712,0.284,0,0.405,0.756,100.024,audio_features,3ZFTkvIE7kyPt6Nu3PEa7V,218093,4,00s
0.895,0.795,2,-4.693,1,0.0977,0.0219,0,0.0403,0.574,105.004,audio_features,2PkeVPcL32LA96cK5ySC3c,250067,4,00s
0.779,0.64,7,-8.415,1,0.159,0.000155,0.00077,0.101,0.498,99.019,audio_features,4TsmezEQVSZNNPv5RJ65Ov,246960,4,00s
0.71,0.484,2,-7.415,1,0.049,0.22,3.93E-06,0.0879,0.576,109.95,audio_features,49CP2usyaN98EdtrOWXnal,183667,4,00s
0.441,0.684,9,-7.495,0,0.031,0.374,0.000848,0.108,0.971,199.001,audio_features,6ebxt3Iylxe0GcEuUGlIvb,141000,4,00s
0.743,0.766,0,-6.375,1,0.0265,0.0873,0,0.509,0.61,127.96,audio_features,4vp2J1l5RD4gMZwGFLfRAu,289133,4,00s
0.643,0.871,1,-2.734,0,0.118,0.491,0,0.29,0.452,121.569,audio_features,6yLX8QnxlnEqZfs3YKCfjF,185187,4,00s
0.544,0.903,9,-5.651,1,0.0545,0.00166,0.00632,0.1,0.432,153.629,audio_features,395C2pn0PdOYPzM4B1jLoO,204587,4,00s
0.551,0.821,2,-4.489,1,0.0539,0.0102,0.0438,0.153,0.842,174.923,audio_features,5dKBaysNJtfpyNTRa5lqDb,137760,4,00s
0.751,0.834,1,-5.444,0,0.0437,0.3,1.77E-05,0.355,0.894,95.053,audio_features,6naxalmIoLFWR0siv8dnQQ,211160,4,00s
0.624,0.91,0,-5.703,1,0.0297,0.0285,0.000198,0.0789,0.767,104.042,audio_features,7kzKAuUzOITUauHAhoMoxA,193051,4,00s
0.486,0.617,5,-7.115,0,0.0287,0.0954,3.23E-06,0.109,0.417,138.015,audio_features,1mea3bSkSGXuIRvnydlB5b,242373,4,00s
0.531,0.805,2,-7.127,1,0.0433,0.0783,0.0926,0.116,0.349,129.107,audio_features,6IIjmqaDdO6vdEBasXsCve,234680,4,00s
0.699,0.76,5,-3.173,1,0.0677,0.00223,0,0.132,0.696,129.996,audio_features,14iN3o8ptQ8cFVZTEmyQRV,179640,4,00s
0.763,0.807,1,-3.714,1,0.035,0.0714,0.28,0.348,0.559,103.038,audio_features,3FtYbEfBqAlGO46NUDQSAt,229640,3,00s
0.484,0.293,0,-16.544,1,0.0311,0.337,0.00627,0.146,0.562,165.008,audio_features,3uliGwmB52ZA7brgpZMzyH,155413,4,00s
0.763,0.721,1,-6.767,0,0.0986,0.0117,7.69E-06,0.0752,0.657,118.049,audio_features,4XTTwW06rMgud7yS1nySZf,263880,4,00s
0.463,0.836,2,-2.776,0,0.0381,0.000418,7.38E-06,0.25,0.713,141.955,audio_features,7kcyCnpHm1BZGB9Wc7MCZH,165120,4,00s
0.576,0.935,10,-4.911,0,0.051,0.00013,0.017,0.0828,0.875,150.227,audio_features,172u95XX2JxIfBZi1v0vKN,201360,4,00s
0.545,0.59,2,-6.693,1,0.0327,0.32,0.000389,0.124,0.127,111.739,audio_features,10ViidwjGLCfVtGPfdcszR,306320,4,00s
0.552,0.15,3,-16.746,1,0.0347,0.974,0.731,0.0698,0.316,87.485,audio_features,11X4Gw3T4hoktVruLgTnm1,160240,4,00s
0.866,0.692,5,-5.785,0,0.0458,0.246,4.85E-06,0.0878,0.737,126.955,audio_features,0SbMdEc3vUpYyG7Od1Outj,196347,4,00s
0.501,0.809,7,-5.264,1,0.0938,0.0338,0.00602,0.119,0.258,149.964,audio_features,456WNXWhDwYOSf5SpTuqxd,252819,4,00s
0.69,0.572,7,-6.131,1,0.0264,0.0457,0,0.0969,0.375,111.919,audio_features,3sTc75CCyIw4FPs6cXkOe7,235667,4,00s
0.515,0.613,0,-8.423,0,0.0305,0.00147,0.202,0.449,0.357,94.925,audio_features,1hEh8Hc9lBAFWUghHBsCel,238920,4,00s
0.878,0.724,10,-5.373,0,0.129,0.168,0.0116,0.133,0.904,121.906,audio_features,5sS4g0adkAUXvLJHQ1i2kj,295400,4,00s
0.748,0.735,8,-8.692,1,0.0903,0.47,1.09E-05,0.0851,0.854,150.04,audio_features,04a7TQAQPkXBosRi7IovlM,203653,4,00s
0.613,0.962,6,-5.07,0,0.278,0.034,0,0.824,0.496,113.015,audio_features,33yAEqzKXexYM3WlOYtTfQ,242267,4,00s
0.732,0.198,5,-11.775,1,0.028,0.883,1.10E-05,0.0659,0.618,88.174,audio_features,6ybViy2qrO9sIi41EgRJgx,186147,4,00s
0.573,0.926,6,-6.045,1,0.0342,0.00202,0.0117,0.127,0.219,117.047,audio_features,7g13jf3zqlP5S68Voo5v9m,278080,4,00s
0.509,0.584,0,-4.907,1,0.057,0.0368,9.96E-05,0.384,0.685,170.411,audio_features,6y20BV5L33R8YXM0YuI38N,278747,4,00s
0.739,0.511,9,-7.844,1,0.0362,0.167,1.34E-06,0.133,0.542,96.038,audio_features,2nGFzvICaeEWjIrBrL2RAx,215360,4,00s
0.277,0.663,4,-8.821,0,0.0377,0.000409,0.00051,0.136,0.527,104.561,audio_features,20I8RduZC2PWMWTDCZuuAN,237027,4,00s
0.442,0.846,4,-5.214,1,0.0764,0.0538,4.71E-06,0.282,0.622,128.235,audio_features,756CJtQRFSxEx9jV4P9hpA,217653,4,00s
0.334,0.897,4,-4.989,1,0.0435,0.000265,1.22E-05,0.0583,0.298,163.349,audio_features,6GGNvvTFhTjYmM72KWrz1E,228800,4,00s
0.856,0.755,10,-5.691,1,0.0331,0.355,0.000621,0.145,0.842,123.883,audio_features,3tZm76otWH20xzJC7icHCk,270893,4,00s
0.755,0.895,9,-2.619,1,0.0883,0.0507,0.0737,0.222,0.844,118.871,audio_features,4jacsL77ZYnpInmTtUBaJW,181907,4,00s
0.349,0.87,11,-4.746,0,0.183,0.0346,0,0.129,0.417,169.649,audio_features,65hYDDFvFzyS3AIJ3qIKPx,200013,4,00s
0.73,0.736,4,-4.855,1,0.0714,0.241,1.40E-06,0.391,0.859,138.216,audio_features,5AKIqJbeNNVu2j2GGJ2jbs,302720,4,00s
0.636,0.946,10,-4.683,0,0.332,0.115,3.75E-05,0.0416,0.891,125.085,audio_features,6ZyNjT2hYvfV5PuW84dp1E,238747,5,00s
0.631,0.664,6,-9.197,1,0.0242,0.0498,0.00042,0.0696,0.407,100.618,audio_features,6ZLGthToczpvnL5Eoy6yrY,268747,4,00s
0.653,0.429,11,-10.475,1,0.0296,0.0848,0.0038,0.0692,0.625,146.071,audio_features,4jsdqalaKwDTdPGLvps128,274933,4,00s
0.363,0.129,0,-14.304,1,0.0322,0.904,1.52E-06,0.157,0.147,80.367,audio_features,0Cvjlph1WGbwZY1PlMEtJY,198147,3,00s
0.632,0.639,5,-5.938,1,0.0259,0.00143,0,0.221,0.733,95.506,audio_features,79z9QkhHePTFsSeVw9uyj0,196893,4,00s
0.493,0.59,0,-5.814,0,0.0392,0.339,0,0.121,0.502,169.908,audio_features,3K4r00KlXytLJDfuytngmx,226387,4,00s
0.585,0.67,7,-7.272,0,0.0525,0.216,0,0.14,0.397,80.895,audio_features,2UXO3rKTfsfPieGDQHgG6q,220413,4,00s
0.571,0.708,6,-4.74,1,0.0329,0.00407,0,0.125,0.398,109.899,audio_features,0fPf9CDFzVnHpcfld5XVtO,168667,4,00s
0.612,0.735,8,-5.074,0,0.0282,0.00202,0.00118,0.328,0.783,126.326,audio_features,1OutzYv6YiN93lrT3pJsWR,226053,4,00s
0.49,0.725,10,-3.304,1,0.0392,0.123,2.68E-05,0.0983,0.335,123.28,audio_features,30FURVTCpbKyykjSEQzGkH,240440,4,00s
0.391,0.808,8,-6.209,0,0.0892,0.0759,0,0.149,0.737,100.304,audio_features,7BHPGtpuuWWsvE7cCaMuEU,203507,4,00s
0.871,0.346,5,-9.481,1,0.0522,0.298,9.24E-06,0.108,0.659,110.054,audio_features,2iXdwVdzA0KrI2Q0iZNJbX,207680,4,00s
0.467,0.988,11,-3.313,1,0.112,0.000152,0.0484,0.28,0.321,130.435,audio_features,3gNGi2iUGHXGpBQHce6Nua,220427,4,00s
0.518,0.809,9,-5.451,0,0.0382,0.137,0.000239,0.119,0.0957,140.065,audio_features,1myEOhXztRxUVfaAEQiKkU,255907,4,00s
0.526,0.665,4,-4.997,1,0.0243,0.407,0.000271,0.169,0.285,158.493,audio_features,1klDPm7SfsS32hl7KHV9iy,273467,4,00s
0.451,0.931,9,-3.871,1,0.0719,0.00076,0.0049,0.361,0.172,122.961,audio_features,1jJci4qxiYcOHhQR247rEU,302840,4,00s
0.4,0.805,4,-7.305,1,0.0407,0.0387,5.40E-05,0.109,0.324,158.459,audio_features,497Fkp3gRiGrRMoqBTDudr,193933,4,00s
0.711,0.924,7,-3.398,1,0.0282,0.0156,0,0.114,0.912,108.033,audio_features,1qEHgdFqUxFebMPk8s2HLY,248640,4,00s
0.571,0.438,2,-7.007,1,0.0279,0.534,1.56E-05,0.187,0.444,145.948,audio_features,5hviCr3lgg6LY6noG6DPKs,230549,4,00s
0.72,0.808,6,-5.627,1,0.0379,0.00793,0.0293,0.0634,0.869,126.041,audio_features,106X4facOVhIkDR3cLBCym,307154,4,00s
0.571,0.739,7,-6.11,1,0.247,0.00865,5.21E-06,0.158,0.66,83.089,audio_features,4mmkhcEm1Ljy1U9nwtsxUo,221227,4,00s
0.316,0.569,2,-5.005,1,0.0321,0.337,7.67E-06,0.395,0.154,90.066,audio_features,18fwfypFEcZArzsRZgozs0,249760,4,00s
0.671,0.808,11,-5.691,1,0.0751,0.296,0,0.211,0.867,133.031,audio_features,5YWP23fhLuBR7adVav91Nb,191027,4,00s
0.55,0.874,4,-4.046,1,0.0321,0.000436,1.02E-05,0.206,0.318,121.61,audio_features,3skn2lauGk7Dx6bVIt5DVj,240213,4,00s
0.318,0.76,0,-6.115,0,0.0435,0.016,0,0.102,0.104,122.414,audio_features,27IZXTdeGYjU6m5lTyDpmr,322173,4,00s
0.577,0.756,2,-5.82,1,0.115,0.159,0.000232,0.249,0.663,176.75,audio_features,5imShWWzwqfAJ9gXFpGAQh,201173,4,00s
0.738,0.657,5,-10.414,0,0.0463,0.000315,0.000846,0.137,0.717,123.933,audio_features,0J6lDdvg2ynXCmSH63jpsS,205107,4,00s
0.792,0.697,2,-4.204,1,0.032,0.0946,0.0899,0.131,0.22,120.051,audio_features,4N6R6yqkFUTyF3AYOdR0T7,242787,4,00s
0.734,0.848,1,-5.285,0,0.0309,0.00312,1.16E-05,0.313,0.863,117.31,audio_features,2Za2mUwmQoSxWPscaY2vxl,230013,4,00s
0.904,0.655,6,-5.102,0,0.087,0.111,0.000167,0.0779,0.83,106.005,audio_features,2J2hVpwVV25EK8Bvd3OgCK,217667,4,00s
0.434,0.872,0,-2.974,1,0.0702,0.0473,1.83E-06,0.396,0.732,71.515,audio_features,1L5tZi0izXsi5Kk5OJf4W0,213760,4,00s
0.312,0.941,5,-2.826,0,0.0696,0.00634,3.22E-06,0.076,0.424,186.813,audio_features,2rjOaGr1mcTYePllS8crRf,204200,4,00s
0.595,0.607,2,-6.445,1,0.0373,0.204,0,0.0847,0.337,148.15,audio_features,1atxtvAHagXDZYTuUWAoEC,280960,4,00s
0.566,0.266,0,-14.71,1,0.0302,0.553,0.0103,0.126,0.345,82.079,audio_features,258WCBHPsUHZvyBJcY2LCw,195453,4,00s
0.562,0.903,8,-4.46,0,0.0296,0.000187,0.0939,0.298,0.791,132.009,audio_features,3zvHOVC4jikl6jORSr6OLE,221000,4,00s
0.793,0.859,0,-3.774,1,0.0332,0.266,0.000356,0.133,0.964,129.911,audio_features,1zusIxNqJu8i4g6P6hJ2Qa,219920,4,00s
0.727,0.729,0,-2.99,1,0.326,0.171,0,0.07,0.512,117.932,audio_features,22UDw8rSfLbUsaAGTXQ4Z8,284733,4,00s
0.536,0.928,11,-6.492,0,0.0589,0.0154,0.00134,0.2,0.389,136.258,audio_features,0gzqZ9d1jIKo9psEIthwXe,248400,4,00s
0.776,0.88,2,-4.67,1,0.121,0.0118,0.0295,0.301,0.725,113.503,audio_features,4gxKAFgVK5Z6J7HVgC9G0s,272387,3,00s
0.558,0.481,8,-9.487,1,0.026,0.315,8.83E-06,0.09,0.631,144.673,audio_features,63nkNgHkmfgjElTEnCzKYU,219093,4,00s
0.818,0.705,6,-6.679,1,0.177,0.00836,0.00233,0.613,0.772,138.559,audio_features,0d28khcov6AiegSCpG5TuT,222640,4,00s
0.577,0.604,5,-5.703,1,0.0495,0.000218,0.000579,0.477,0.637,167.719,audio_features,6tsojOQ5wHaIjKqIryLZK6,263440,4,00s
0.614,0.47,5,-6.09,0,0.0255,0.291,0,0.111,0.329,80.045,audio_features,2OuNgtXKeCSORKqdl0MxKk,210507,4,00s
0.556,0.913,0,-2.36,1,0.0437,0.0193,8.59E-06,0.346,0.73,96.184,audio_features,10Nmj3JCNoMeBQ87uw5j8k,282160,4,00s
0.617,0.778,9,-8.871,0,0.027,0.459,0.925,0.128,0.152,100.363,audio_features,0bXpmJyHHYPk6QBFj25bYF,127920,4,00s
0.663,0.694,10,-8.627,0,0.172,0.0249,0,0.0698,0.524,167.964,audio_features,1RKUoGiLEbcXN4GY4spQDx,340920,4,00s
0.844,0.506,11,-11.082,0,0.0453,0.0878,1.65E-05,0.0323,0.515,127.099,audio_features,4FLFm76nwepkcxzqS8PzH4,238093,4,00s
0.654,0.515,0,-12.185,1,0.0261,0.429,5.62E-06,0.174,0.677,106.191,audio_features,4kSKacywUJHdhyst4PL6pl,170493,4,00s
0.622,0.616,10,-5.107,1,0.0349,0.147,3.87E-06,0.218,0.598,89.673,audio_features,2ze7s5CrESggiWA3RpDYIy,243160,4,00s
0.469,0.132,10,-14.001,1,0.0807,0.929,0,0.0873,0.36,67.011,audio_features,58CrldAc1Z5WIBozT1NMJH,281467,3,00s
0.559,0.688,7,-6.496,1,0.114,0.216,0,0.0855,0.578,79.753,audio_features,6bFsQ6yOp3z5mGNkhWP0P1,213173,4,00s
0.631,0.734,5,-7.48,0,0.036,0.348,0,0.135,0.591,124.036,audio_features,3afv9TL8ixr4T9VbiKnrwe,273533,4,00s
0.855,0.587,8,-4.589,1,0.0336,0.0505,0.00714,0.105,0.64,111.97,audio_features,1vxw6aYJls2oq3gW0DujAo,177466,4,00s
0.509,0.537,5,-6.834,1,0.0383,0.344,7.26E-06,0.0805,0.315,170.037,audio_features,6si71supnBUhddjR2FJc2L,240040,4,00s
0.675,0.828,0,-5.799,1,0.0454,0.0242,0.0102,0.364,0.669,122.229,audio_features,2SDx0PooHZI1SQKR0y44bs,187733,4,00s
0.517,0.839,0,-3.521,1,0.0287,0.0014,0.000365,0.108,0.416,94.015,audio_features,0yac0FPhLRH9i9lOng3f81,215880,4,00s
0.719,0.967,0,-2.435,1,0.0552,0.0588,0.000249,0.206,0.964,79.505,audio_features,5WQ1hIc5d2EVbRQ8qsj8Uh,235213,4,00s
0.781,0.445,2,-6.061,1,0.0295,0.474,0,0.184,0.591,78.998,audio_features,1Slwb6dOYkBlWal1PGtnNg,281560,4,10s
0.665,0.759,0,-3.694,0,0.0399,0.0767,0,0.313,0.389,99.992,audio_features,2GpHJb7xGNBaIDTrBxjIu6,200787,4,10s
0.548,0.632,2,-5.569,1,0.145,0.0126,4.95E-06,0.0769,0.535,113.682,audio_features,7KdF7Zac5eC9jutk9Qret4,245800,4,10s
0.593,0.529,7,-6.036,1,0.0326,0.416,3.21E-06,0.105,0.592,92.024,audio_features,75aM5sH14TfMYSDLxrfDNW,224840,4,10s
0.759,0.548,9,-6.049,0,0.029,0.0392,0,0.0828,0.749,116.967,audio_features,6v3KW9xbzN5yKLt9YKDYA2,190800,4,10s
0.55,0.753,6,-4.003,0,0.0407,0.000665,7.74E-06,0.0921,0.841,139.048,audio_features,1qfYG2JrchEyJiqKnkE7YQ,189693,4,10s
0.532,0.783,2,-5.697,1,0.0523,0.0038,0.0012,0.161,0.643,124.08,audio_features,6g1NlCpW7fgqDnWbCCDrHl,247427,4,10s
0.64,0.648,5,-8.113,0,0.187,0.124,0,0.0802,0.548,92.977,audio_features,4evmHXcjt3bTUHD1cvny97,197867,4,10s
0.575,0.33,7,-6.557,1,0.031,0.416,0,0.0872,0.277,95.801,audio_features,6QfS2wq5sSC1xAJCQsTSlj,217213,4,10s
0.536,0.396,10,-11.767,1,0.0356,0.716,2.39E-05,0.077,0.249,152.01,audio_features,6k1I9gABiasGZiWWAosAEb,275440,4,10s
0.408,0.925,5,-4.88,1,0.0533,0.00877,0.000454,0.12,0.361,126.405,audio_features,60CirPlTOEWOUBus7HxV3B,206187,4,10s
0.755,0.901,9,-3.152,1,0.0893,0.0451,0.0373,0.363,0.959,145.042,audio_features,1i1OuCNhNf7JwrlWlFZFu1,310573,4,10s
0.729,0.546,7,-9.305,1,0.0285,0.547,0.00287,0.0651,0.406,119.941,audio_features,0j2WBxWZnWti5TpSxjJvPb,212627,4,10s
0.801,0.795,1,-5.115,0,0.0504,0.0417,0.000113,0.0717,0.754,79.028,audio_features,6QgjcU0zLnzq5OrUoSZ3OK,163253,4,10s
0.714,0.451,5,-8.268,1,0.0276,0.0883,0,0.108,0.406,127.787,audio_features,7GJClzimvMSghjcrKxuf1M,200720,4,10s
0.507,0.729,11,-5.399,0,0.0393,0.0182,1.40E-06,0.0658,0.272,105.013,audio_features,6M9DkAAuh4ibDchrc8GBAn,243960,4,10s
0.854,0.463,5,-6.159,1,0.137,0.117,0,0.354,0.549,120.024,audio_features,0b9oOr2ZgvyQu88wzixux9,225773,4,10s
0.449,0.92,11,-4.982,1,0.0737,0.0021,0.0167,0.334,0.0772,122.984,audio_features,6f49kbOuQSOsStBpyGvQfA,223773,4,10s
0.682,0.471,0,-9.182,1,0.0301,0.765,0,0.0908,0.421,79.907,audio_features,1K3LRUEcUz5FMtPYyg0F45,163133,4,10s
0.526,0.719,3,-4.472,1,0.0281,0.435,0,0.32,0.467,103.849,audio_features,7vjjfdum71w8bbkNSQdnDL,196627,4,10s
0.794,0.811,6,-8.966,0,0.038,0.0426,1.07E-06,0.101,0.862,116.047,audio_features,2Foc5Q5nqNiosCNqttzHof,248413,4,10s
0.486,0.769,1,-5.14,1,0.0341,0.0119,0.00832,0.197,0.393,131.286,audio_features,1PuLHwFZoh5qYK89I5YBdZ,276720,4,10s
0.431,0.739,9,-6.994,1,0.0387,0.00152,0.00249,0.0931,0.329,118.025,audio_features,3ViG53I02hn2DmNybJXZ1h,242416,4,10s
0.736,0.795,1,-3.299,0,0.0545,0.498,1.21E-06,0.254,0.511,104.066,audio_features,6gpcs5eMhJwax4mIfKDYQk,230813,4,10s
0.79,0.705,0,-4.684,0,0.0383,0.0807,4.81E-05,0.251,0.501,121.969,audio_features,4AOpEhqA7zHxQjkHmRrAp7,195561,4,10s
0.885,0.581,11,-8.813,1,0.0378,0.427,0.000204,0.0759,0.728,114.016,audio_features,6vECYJHxYmm3Ydt3fF01pE,313684,4,10s
0.457,0.757,1,-5.177,1,0.032,0.0206,0,0.146,0.417,102.961,audio_features,2ihCaVdNZmnHZWt0fvAM7B,266600,4,10s
0.638,0.924,7,-3.887,1,0.036,0.00205,0.000175,0.149,0.53,111.995,audio_features,69uxyAqqPIsUyTO8txoP2M,263787,4,10s
0.727,0.731,10,-5.359,0,0.0294,0.132,0.139,0.157,0.964,127.98,audio_features,52z0MmFwjQZAmXgIYL2hHj,233280,4,10s
0.661,0.651,7,-3.771,0,0.0499,0.117,1.32E-05,0.056,0.368,87.46,audio_features,1ixphys4A3NEXp6MDScfih,202915,4,10s
0.484,0.731,1,-6.694,1,0.0379,0.431,0,0.151,0.51,101.654,audio_features,7yq4Qj7cqayVTp3FF9CWbm,204280,4,10s
0.893,0.745,11,-3.105,0,0.0571,0.0642,0,0.0943,0.872,101.018,audio_features,5bcTCxgc7xVfSaMV3RuVke,223413,4,10s
0.715,0.715,5,-7.364,1,0.0904,0.0526,0,0.0936,0.506,134.923,audio_features,7tmtOEDxPN7CWaQWBsG1DY,238747,4,10s
0.688,0.532,6,-8.361,0,0.0875,0.0356,3.08E-06,0.172,0.565,164.068,audio_features,3KZcrZ36LW9RnChK1iIkth,223079,4,10s
0.503,0.727,1,-5.456,1,0.167,0.0159,9.45E-05,0.0895,0.521,121.985,audio_features,51ODNNDZm21HU7wI7cccRr,255632,4,10s
0.674,0.428,7,-9.504,1,0.122,0.121,0,0.132,0.337,84.878,audio_features,2dLLR6qlu5UJ5gk0dKz0h3,190185,4,10s
0.647,0.822,5,-4.662,0,0.183,0.219,0,0.0908,0.962,160.019,audio_features,5b88tNINg4Q4nrRbrCXUmg,232720,4,10s
0.6,0.688,5,-8.339,0,0.201,0.159,1.29E-05,0.409,0.0793,99.977,audio_features,63SevszngYpZOwf63o61K4,156600,4,10s
0.664,0.799,7,-5.121,0,0.0368,0.0932,0.000108,0.105,0.35,94.991,audio_features,3vjQt1znaFEnX3PBXsgtVc,196747,4,10s
0.649,0.814,0,-5.688,1,0.0295,0.00219,0,0.0885,0.435,123.015,audio_features,66tp0via6Y611lKmaLGHG1,227493,4,10s
0.773,0.414,6,-7.436,0,0.0961,0.00411,3.40E-05,0.0733,0.289,99.993,audio_features,6jdOi5U5LBzQrc4c1VT983,227880,4,10s
0.573,0.929,8,-3.942,0,0.109,0.197,0.000112,0.0567,0.582,127.934,audio_features,24LS4lQShWyixJ0ZrJXfJ5,212560,4,10s
0.865,0.521,0,-6.932,1,0.0371,0.548,0.000115,0.0989,0.748,129.059,audio_features,1qDrWA6lyx8cLECdZE7TV7,244885,4,10s
0.853,0.599,7,-4.756,1,0.0411,0.00334,7.93E-06,0.0759,0.843,119.993,audio_features,0n4bITAu0Y0nigrz3MFJMb,263827,4,10s
0.612,0.921,7,-2.879,1,0.0848,0.0183,0,0.0576,0.453,139.986,audio_features,70eDxAyAraNTiD6lx2ZEnH,202173,4,10s
0.6,0.412,8,-9.343,1,0.344,0.615,0.0025,0.134,0.408,113.049,audio_features,6WhzFzROw3aq3rPWjgYlxr,225882,5,10s
0.445,0.537,4,-8.532,0,0.04,0.695,1.60E-05,0.0944,0.131,122.764,audio_features,3JvKfv6T31zO0ini8iNItO,244360,4,10s
0.682,0.653,8,-6.062,1,0.339,0.13,0.00116,0.129,0.428,188.115,audio_features,44ZJ4hLD5onikKsVLQaILr,196267,4,10s
0.773,0.819,0,-5.946,0,0.118,0.426,0,0.0679,0.585,92.99,audio_features,5GXAXm5YOmYT0kL5jHvYBt,269187,4,10s
0.587,0.828,11,-5.108,1,0.161,0.00327,0,0.331,0.494,123.907,audio_features,30XU4suKzCeoCK9YFzdufg,260253,4,10s
0.589,0.613,0,-5.034,1,0.0327,0.568,0,0.0675,0.19,114.853,audio_features,6ksRossV4vKsXntCCZbhaM,181867,4,10s
0.707,0.924,7,-2.842,1,0.031,0.000972,0.00703,0.204,0.919,127.937,audio_features,1gihuPhrLraKYrJMAEONyc,206413,4,10s
0.488,0.487,4,-6.371,1,0.0307,0.577,0,0.193,0.217,77.344,audio_features,7jDe24vXWUNX8Jl2hZHrIS,230267,4,10s
0.69,0.834,0,-5.79,1,0.0566,0.129,0,0.136,0.738,127.43,audio_features,4ycLiPVzE5KamivXrAzGFG,222933,4,10s
0.583,0.768,9,-6.477,1,0.041,0.000323,0.0162,0.109,0.357,127.952,audio_features,57F80059mWaWFvWG3tBTbO,320547,4,10s
0.672,0.735,5,-4.733,1,0.0457,0.286,0,0.242,0.754,115.741,audio_features,4ofwffwvvnbSkrMSCKQDaC,201287,4,10s
0.669,0.747,6,-7.108,1,0.0428,0.141,0,0.185,0.483,122.531,audio_features,3853uIOwh2L9F8TkDd1F49,242440,4,10s
0.209,0.412,0,-9.733,1,0.0443,0.172,0.15,0.0843,0.162,86.26,audio_features,2PwXOevGUSkU8qaYZjgLq2,305747,3,10s
0.415,0.775,5,-6.366,0,0.161,0.0658,0.00431,0.0843,0.536,127.86,audio_features,7mdNKXxia7AeSuJqjjA2rb,225881,4,10s
0.672,0.738,0,-7.045,1,0.0506,0.0178,6.75E-05,0.0927,0.392,107.938,audio_features,6t6oULCRS6hnI7rm0h5gwl,277040,4,10s
0.719,0.798,10,-4.582,1,0.0361,0.0162,2.34E-06,0.134,0.591,120.011,audio_features,235LXPXfi0SmOaS9TaCh3c,227741,4,10s
0.69,0.578,6,-7.436,1,0.0929,0.167,0,0.305,0.416,99.961,audio_features,3G6hD9B2ZHOsgf4WfNu7X1,193059,4,10s
0.592,0.28,4,-5.494,1,0.0283,0.889,0,0.124,0.348,141.899,audio_features,6HbI4e2Y2f6HYVV6r04M4W,271800,4,10s
0.713,0.802,4,-7.055,1,0.0561,0.0435,0.00377,0.309,0.343,100.001,audio_features,3vv9phIu6Y1vX3jcqaGz5Z,226739,4,10s
0.582,0.272,2,-5.662,1,0.0501,0.875,0,0.13,0.354,205.846,audio_features,78TTtXnFQPzwqlbtbwqN0y,188238,4,10s
0.811,0.879,9,-3.724,1,0.0514,0.0476,1.91E-06,0.109,0.962,134.064,audio_features,0ifSeVGUr7py5GggttDhXw,188754,4,10s
0.667,0.83,0,-5.715,1,0.0749,0.0123,0,0.191,0.701,113.03,audio_features,6JV2JOEocMgcZxYSZelKcc,236002,4,10s
0.73,0.77,8,-5.114,1,0.0298,0.138,0,0.0473,0.507,104.948,audio_features,1eq1wUnLVLg4pdEfx9kajC,228093,4,10s
0.719,0.671,8,-6.279,1,0.0336,0.0372,8.21E-06,0.12,0.786,130.027,audio_features,13P5rwmk2EsoFRIz9UCeh9,237627,4,10s
0.51,0.305,0,-9.132,1,0.0317,0.219,0.000456,0.118,0.162,126.075,audio_features,0WeCJh7UNwcHGXWzwcprCn,154435,5,10s
0.655,0.819,0,-4.852,1,0.0316,0.000176,0.00374,0.104,0.766,117.956,audio_features,1fzJyTCKeZuTSLByCsLRHl,192790,5,10s
0.781,0.768,11,-5.991,1,0.0394,0.0119,4.91E-06,0.325,0.486,123.07,audio_features,5N5k9nd479b1xpDZ4usjrg,213309,4,10s
0.377,0.595,3,-5.936,1,0.0489,0.303,0,0.095,0.264,144.464,audio_features,7ilS0BPWS8ek2P2GaxH3cP,290900,4,10s
0.648,0.736,8,-7.948,1,0.0385,0.0444,0.000137,0.171,0.378,103.027,audio_features,2FiSTH0GYpIioUgjfzMIja,239465,4,10s
0.701,0.425,7,-10.965,1,0.375,0.328,0.13,0.1,0.562,135.128,audio_features,2Fxmhks0bxGSBdJ92vM42m,194088,4,10s
0.763,0.875,9,-5.797,0,0.0262,0.024,5.41E-06,0.599,0.8,123.013,audio_features,5fnA9mkIfScSqHIpeDyvck,189413,4,10s
0.856,0.609,0,-7.223,1,0.0824,0.00801,8.15E-05,0.0344,0.928,114.988,audio_features,32OlwWuMpZ6b0aN2RZOeMS,269667,4,10s
0.597,0.919,7,-2.954,1,0.044,0.000145,0,0.282,0.73,113.987,audio_features,6LS6pltO7YBgjwNVhxMwtp,255587,4,10s
0.571,0.815,6,-3.267,1,0.0321,0.0608,0,0.163,0.664,120.008,audio_features,7mvgT1SYL3ka3LBJOuA1k9,211460,4,10s
0.378,0.638,10,-5.576,1,0.075,0.02,7.66E-05,0.0849,0.735,184.086,audio_features,5rgy6ghBq1eRApCkeUdJXf,250627,4,10s
0.576,0.876,1,-3.82,1,0.0641,0.00651,1.25E-06,0.271,0.613,128.04,audio_features,79m3gsQ2Ab1bhADmew8N2L,198720,4,10s
0.791,0.754,0,-3.729,1,0.0569,0.00446,0,0.163,0.425,125.014,audio_features,6tS3XVuOyu10897O3ae7bi,234653,4,10s
0.673,0.902,2,-2.392,1,0.0346,0.0591,0.000262,0.0558,0.538,100.012,audio_features,5Hroj5K7vLpIG4FNCRIjbP,194240,4,10s
0.811,0.499,5,-7.161,0,0.118,0.0147,2.44E-06,0.342,0.466,111.016,audio_features,3CJvmtWw2bJsudbAC5uCQk,200680,4,10s
0.507,0.923,0,-5.581,1,0.173,0.0818,4.63E-06,0.0951,0.768,99.252,audio_features,4eLSCSELtKxZwXnFbNLXT5,189840,4,10s
0.545,0.675,6,-6.474,1,0.0279,0.00617,0.00197,0.209,0.162,124.97,audio_features,0FDzzruyVECATHXKHFs9eJ,267867,4,10s
0.68,0.84,9,-3.823,1,0.0415,0.0457,8.38E-06,0.143,0.468,104.985,audio_features,4XPWKmy05Rcff6TLHNoNF8,213213,4,10s
0.566,0.664,4,-5.303,0,0.0464,0.634,0,0.116,0.437,128.945,audio_features,3dYD57lRAUcMHufyqn9GcI,241688,4,10s
0.563,0.864,4,-4.066,0,0.0386,0.0585,0,0.419,0.439,119.964,audio_features,6pIZ0u32c2Lku8PmCWtnMy,213424,4,10s
0.799,0.586,11,-6.735,1,0.0377,0.162,2.03E-06,0.193,0.549,120.97,audio_features,3s4U7OHV7gnj42VV72eSZ6,227833,4,10s
0.791,0.862,9,-3.24,0,0.11,0.037,2.19E-05,0.0814,0.592,123.994,audio_features,7ef4DlsgrMEH11cDZd32M6,214847,4,10s
0.755,0.74,1,-4.951,1,0.0407,0.0225,0.00139,0.124,0.609,127.98,audio_features,14fmbvjYLqRZEXz1VZdM2M,215760,4,10s
0.567,0.813,1,-5.744,0,0.0581,0.0138,9.03E-06,0.125,0.114,126.044,audio_features,6D5pfooPP6hi99RaXjkDsP,214912,4,10s
0.825,0.435,1,-9.582,1,0.0568,0.452,0.609,0.0953,0.243,119.038,audio_features,0ZR9NFol0hcgLSVJoQmREl,259102,4,10s
0.558,0.522,2,-5.857,1,0.036,0.228,0,0.104,0.228,83.977,audio_features,2EcsgXlxz99UMDSPg5T8RF,271813,4,10s
0.642,0.289,9,-9.918,1,0.0367,0.669,0,0.18,0.407,84.996,audio_features,1VdZ0vKfR5jneCmWIUAMxK,258373,4,10s
0.624,0.819,5,-4.697,1,0.0416,0.00575,0.000105,0.256,0.545,122.064,audio_features,7tRfXqwVVTVJ9okC2AxkLe,204773,4,10s
0.656,0.884,2,-4.748,1,0.0372,0.0162,0,0.144,0.86,105.009,audio_features,7MXlTgQeo3IVlMpLnZuhxc,240307,4,10s
0.681,0.627,7,-5.456,0,0.0403,0.499,1.25E-06,0.123,0.494,99.908,audio_features,7jfiiktFwSM2YWTTnCFtWL,164093,4,10s
0.393,0.633,9,-4.769,1,0.0275,0.0339,0,0.104,0.382,174.022,audio_features,49kjlZP49LMD1MrrcvXDET,252440,4,10s